test_id,iteration,codec_a,codec_b,scenario_type,source_timestamp,reference_file,reference_sha256,pcap_file,pcap_sha256,pesq_wb_16k,pesq_native_mode,pesq_native_rate_hz,stoi_16k,alignment_delay_ms,aligned_duration_s,waveform_correlation,native_alignment_delay_ms,b_leg_native_duration_s,b_leg_restored_duration_s,rtp_packets,decoded_frames,decoder_preskip_frames,inserted_timeline_frames,inserted_timeline_ms,sequence_gap_packets,non_integral_timestamp_jumps,status
T001,1,PCMU,PCMU,passthrough,2026-08-07T15:45:09.822164,audio/reference/reference_8k.wav,2c60b1209ddd58179c52d2135c796d1ec062a25e2520bb08ca90e6dc04cbb717,results/raw/T001_iter1.pcap,de1f511b7df03996f3e23449a7b31799f5140a429f9872feacb0973b564905dd,3.8348262310028076,3.9353699684143066,8000,0.996092261662005,71.75,10.92,0.9979501330015562,71.75,11.86,11.92,593,593,0,3,60,0,0,ok
T001,2,PCMU,PCMU,passthrough,2026-08-07T15:45:39.327793,audio/reference/reference_8k.wav,2c60b1209ddd58179c52d2135c796d1ec062a25e2520bb08ca90e6dc04cbb717,results/raw/T001_iter2.pcap,7b6d4a2403c8c6e52419bd2c779dd4f21b130382550f34c3fb1c5610e0642d9b,3.5930254459381104,3.7893974781036377,8000,0.9895031481313901,71.75,10.92,0.9957423990421845,71.75,11.86,11.92,593,593,0,3,60,0,0,ok
T001,3,PCMU,PCMU,passthrough,2026-08-07T15:46:06.488141,audio/reference/reference_8k.wav,2c60b1209ddd58179c52d2135c796d1ec062a25e2520bb08ca90e6dc04cbb717,results/raw/T001_iter3.pcap,1d4a3d90707b0e7c2bf342fd7a26e7c46b738996abf74c6a6dca8b5391fe81e4,3.835207939147949,3.9354536533355713,8000,0.996092261662005,71.75,10.92,0.9979501333277773,71.75,11.86,11.92,593,593,0,3,60,0,0,ok
T001,4,PCMU,PCMU,passthrough,2026-08-07T15:46:33.601359,audio/reference/reference_8k.wav,2c60b1209ddd58179c52d2135c796d1ec062a25e2520bb08ca90e6dc04cbb717,results/raw/T001_iter4.pcap,13669f6b3b70683ca8bfcc8c919ae069656d53a89edc71c2d6e148b058c3923f,3.7024683952331543,3.845231294631958,8000,0.9937459316075212,71.75,10.92,0.9970364320007215,71.75,11.86,11.92,593,593,0,3,60,0,0,ok
T001,5,PCMU,PCMU,passthrough,2026-08-07T15:47:01.614212,audio/reference/reference_8k.wav,2c60b1209ddd58179c52d2135c796d1ec062a25e2520bb08ca90e6dc04cbb717,results/raw/T001_iter5.pcap,bebaae3ce0a32a578f79e218019b9e0d7ed3e81f91fb4dbe8799d6b49bc408c5,3.6025516986846924,3.7897186279296875,8000,0.9915521507291595,71.75,10.92,0.996357587988714,71.75,11.84,11.92,592,592,0,4,80,0,0,ok
T001,6,PCMU,PCMU,passthrough,2026-08-07T15:47:30.173817,audio/reference/reference_8k.wav,2c60b1209ddd58179c52d2135c796d1ec062a25e2520bb08ca90e6dc04cbb717,results/raw/T001_iter6.pcap,fdfa3381ba423b5217d7ca2ddd86af085877ff8cf2f45eaf0e909f9cee111329,3.834700345993042,3.935124158859253,8000,0.9960905067269576,71.75,10.9,0.9979529181743845,71.75,11.84,11.9,592,592,0,3,60,0,0,ok
T001,7,PCMU,PCMU,passthrough,2026-08-07T15:47:58.166130,audio/reference/reference_8k.wav,2c60b1209ddd58179c52d2135c796d1ec062a25e2520bb08ca90e6dc04cbb717,results/raw/T001_iter7.pcap,a69c26ebaee509e2eb4f61a4b4989d3451123038cd43fdad43916f738d495b12,3.3042819499969482,3.5141825675964355,8000,0.9899431802931189,71.75,10.9,0.9957465497851157,71.75,11.84,11.9,592,592,0,3,60,0,0,ok
T001,8,PCMU,PCMU,passthrough,2026-08-07T15:48:29.175244,audio/reference/reference_8k.wav,2c60b1209ddd58179c52d2135c796d1ec062a25e2520bb08ca90e6dc04cbb717,results/raw/T001_iter8.pcap,2ca695f4fb3f824c96026cd2df3791680b91575b4b67d8bab4025b8a9d6c6156,3.58952260017395,3.776127815246582,8000,0.9928718921464131,71.75,10.92,0.9914626380699973,71.75,11.86,11.92,593,593,0,3,60,0,0,ok
T001,9,PCMU,PCMU,passthrough,2026-08-07T15:48:57.216407,audio/reference/reference_8k.wav,2c60b1209ddd58179c52d2135c796d1ec062a25e2520bb08ca90e6dc04cbb717,results/raw/T001_iter9.pcap,2906cfd4b36f95840cabd520b126e0bb7c0366528d0b8c528401c689a01fbfc7,3.751145839691162,3.861863136291504,8000,0.9940690491727376,71.75,10.9,0.997610651843043,71.75,11.84,11.9,592,592,0,3,60,0,0,ok
T001,10,PCMU,PCMU,passthrough,2026-08-07T15:49:26.246107,audio/reference/reference_8k.wav,2c60b1209ddd58179c52d2135c796d1ec062a25e2520bb08ca90e6dc04cbb717,results/raw/T001_iter10.pcap,21930c8ddd352084851567740f994b4f1614422091d53e5d81d131c6b828ff38,3.835207939147949,3.9354536533355713,8000,0.996092261662005,71.75,10.92,0.9979501333277773,71.75,11.86,11.92,593,593,0,3,60,0,0,ok
T002,1,PCMA,PCMA,passthrough,2026-08-07T15:49:53.284275,audio/reference/reference_8k.wav,2c60b1209ddd58179c52d2135c796d1ec062a25e2520bb08ca90e6dc04cbb717,results/raw/T002_iter1.pcap,a04d86470ad5ceec6c227131fa9b25f592348a8d1e9eaf974113fc1996f9ce90,3.5497069358825684,3.6992218494415283,8000,0.9894080117911709,71.75,10.92,0.9927446169025446,71.75,11.86,11.92,593,593,0,3,60,0,0,ok
T002,2,PCMA,PCMA,passthrough,2026-08-07T15:50:22.451236,audio/reference/reference_8k.wav,2c60b1209ddd58179c52d2135c796d1ec062a25e2520bb08ca90e6dc04cbb717,results/raw/T002_iter2.pcap,e3e709dfb411920ae4e49bbd87fd4b2734a2565c8465eefd5d3bdc8ec28f0d14,3.9434797763824463,3.9922642707824707,8000,0.9961259618934859,71.75,10.9,0.9979644703333785,71.75,11.84,11.9,592,592,0,3,60,0,0,ok
T002,3,PCMA,PCMA,passthrough,2026-08-07T15:50:50.018043,audio/reference/reference_8k.wav,2c60b1209ddd58179c52d2135c796d1ec062a25e2520bb08ca90e6dc04cbb717,results/raw/T002_iter3.pcap,1d74f078f405f363492d35548e7b5ae828f4e739f2dbc7487fcf4df3fd1d1670,3.80290150642395,3.950899600982666,8000,0.9952516265269853,71.75,10.92,0.9978415107647981,71.75,11.86,11.92,593,593,0,3,60,0,0,ok
T002,4,PCMA,PCMA,passthrough,2026-08-07T15:51:18.054387,audio/reference/reference_8k.wav,2c60b1209ddd58179c52d2135c796d1ec062a25e2520bb08ca90e6dc04cbb717,results/raw/T002_iter4.pcap,f38c0e36013243ee0504a5cc8e58ff3dc3c16fe6b0c581d0c8425674944a8dd5,3.5490288734436035,3.6984338760375977,8000,0.989386827213811,71.75,10.9,0.9927278600419008,71.75,11.84,11.9,592,592,0,3,60,0,0,ok
T002,5,PCMA,PCMA,passthrough,2026-08-07T15:51:46.613255,audio/reference/reference_8k.wav,2c60b1209ddd58179c52d2135c796d1ec062a25e2520bb08ca90e6dc04cbb717,results/raw/T002_iter5.pcap,8c9e0aa54783bffba04f6f0d2de82ffe908f041b9aaccce775480d920ec6742a,3.943552255630493,3.992405891418457,8000,0.9961265049288883,71.75,10.92,0.9979611377741262,71.75,11.86,11.92,593,593,0,3,60,0,0,ok
T002,6,PCMA,PCMA,passthrough,2026-08-07T15:52:13.627143,audio/reference/reference_8k.wav,2c60b1209ddd58179c52d2135c796d1ec062a25e2520bb08ca90e6dc04cbb717,results/raw/T002_iter6.pcap,8cedc4022d1e4c83c825a3ea195f2863cdee898a90db4914dc1f99e19808dc53,3.8511829376220703,3.950169086456299,8000,0.9954384792686249,71.75,10.92,0.9978696473673331,71.75,11.86,11.92,593,593,0,3,60,0,0,ok
T002,7,PCMA,PCMA,passthrough,2026-08-07T15:52:45.662520,audio/reference/reference_8k.wav,2c60b1209ddd58179c52d2135c796d1ec062a25e2520bb08ca90e6dc04cbb717,results/raw/T002_iter7.pcap,08440a3405739bcf0a516c03aa5ea4c8ccabcfa6178b6e1c6850e8fca47e1466,3.7986228466033936,3.9464528560638428,8000,0.9952551183094015,71.75,10.94,0.9978426601414949,71.75,11.86,11.94,593,593,0,4,80,0,0,ok
T002,8,PCMA,PCMA,passthrough,2026-08-07T15:53:12.853230,audio/reference/reference_8k.wav,2c60b1209ddd58179c52d2135c796d1ec062a25e2520bb08ca90e6dc04cbb717,results/raw/T002_iter8.pcap,ab177cf9d9d41babf4b6307d407ec224c1eb8d6fc09a72a3aae96e68f54fc572,3.5851519107818604,3.6485910415649414,8000,0.9905731357226087,71.75,10.92,0.9959215757572926,71.75,11.86,11.92,593,593,0,3,60,0,0,ok
T002,9,PCMA,PCMA,passthrough,2026-08-07T15:53:39.867278,audio/reference/reference_8k.wav,2c60b1209ddd58179c52d2135c796d1ec062a25e2520bb08ca90e6dc04cbb717,results/raw/T002_iter9.pcap,1f9ca93d4bf4028381d125f3105ffed3d946fa8980327e1d7b1009ea82324934,3.6624395847320557,3.8735504150390625,8000,0.9928384699282021,71.75,10.92,0.9966100575187186,71.75,11.86,11.92,593,593,0,3,60,0,0,ok
T002,10,PCMA,PCMA,passthrough,2026-08-07T15:54:07.920163,audio/reference/reference_8k.wav,2c60b1209ddd58179c52d2135c796d1ec062a25e2520bb08ca90e6dc04cbb717,results/raw/T002_iter10.pcap,0a92c60c8ca64b6e05734bd3f4d535cf60322dac4ef19abc5490a2080565f8d7,3.392730236053467,3.5608086585998535,8000,0.9900155942018268,71.75,10.92,0.9957636279981836,71.75,11.86,11.92,593,593,0,3,60,0,0,ok
T003,1,G722,G722,passthrough,2026-08-07T15:54:34.988251,audio/reference/reference_16k.wav,8bbc2ae1deb6da75302cc9769a058bcf0b9046a5ebc15facf04744fbca798e4a,results/raw/T003_iter1.pcap,4ca0115673770acde82751f12d5d126573911bdf3cec91dd1628202604bd9f1d,2.807360887527466,2.807360887527466,16000,0.9922903486835642,78.625,10.94,0.9949922379809162,78.625,11.9,11.94,595,595,0,2,40,0,0,ok
T003,2,G722,G722,passthrough,2026-08-07T15:55:02.999096,audio/reference/reference_16k.wav,8bbc2ae1deb6da75302cc9769a058bcf0b9046a5ebc15facf04744fbca798e4a,results/raw/T003_iter2.pcap,9a34455c640582187dfc64d3a7445cadc0695103a678179e7ae26386d078e46f,2.808993339538574,2.808993339538574,16000,0.9936344815580062,78.625,10.92,0.9974371470842316,78.625,11.88,11.92,594,594,0,2,40,0,0,ok
T003,3,G722,G722,passthrough,2026-08-07T15:55:32.036102,audio/reference/reference_16k.wav,8bbc2ae1deb6da75302cc9769a058bcf0b9046a5ebc15facf04744fbca798e4a,results/raw/T003_iter3.pcap,08ef622739c9708641ddb1f39e20f5379bfba1c15dbea6d16f557fcdc433aa20,2.8924076557159424,2.8924076557159424,16000,0.994875676655208,78.625,10.94,0.9984824917312026,78.625,11.9,11.94,595,595,0,2,40,0,0,ok
T003,4,G722,G722,passthrough,2026-08-07T15:55:59.039810,audio/reference/reference_16k.wav,8bbc2ae1deb6da75302cc9769a058bcf0b9046a5ebc15facf04744fbca798e4a,results/raw/T003_iter4.pcap,eb9e52c67245bbdc557c2a9e8f5da058a44347941dfc22207063e57d57c6eddb,2.9567906856536865,2.9567906856536865,16000,0.9955011510153066,78.625,10.94,0.9986026068806624,78.625,11.9,11.94,595,595,0,2,40,0,0,ok
T003,5,G722,G722,passthrough,2026-08-07T15:56:26.018496,audio/reference/reference_16k.wav,8bbc2ae1deb6da75302cc9769a058bcf0b9046a5ebc15facf04744fbca798e4a,results/raw/T003_iter5.pcap,dd18c7bbf2a947737c7bfc7ed35808a9d2bd83e0151af2e71ecb152a74b90de1,2.7619526386260986,2.7619526386260986,16000,0.9907762435099933,78.625,10.92,0.9946749702057135,78.625,11.88,11.92,594,594,0,2,40,0,0,ok
T003,6,G722,G722,passthrough,2026-08-07T15:56:54.128023,audio/reference/reference_16k.wav,8bbc2ae1deb6da75302cc9769a058bcf0b9046a5ebc15facf04744fbca798e4a,results/raw/T003_iter6.pcap,c28cefbff8abbaa47a1b036130b0b78956df5560ff76894094f03999456592e6,2.7469489574432373,2.7469489574432373,16000,0.9900804804588562,78.625,10.94,0.9927298049095749,78.625,11.9,11.94,595,595,0,2,40,0,0,ok
T003,7,G722,G722,passthrough,2026-08-07T15:57:23.135163,audio/reference/reference_16k.wav,8bbc2ae1deb6da75302cc9769a058bcf0b9046a5ebc15facf04744fbca798e4a,results/raw/T003_iter7.pcap,1acd7b2f46dd52a2097d83c813ed61edddcd6a4161d3a860782b7cf39b0282f9,2.952178478240967,2.952178478240967,16000,0.9958960876831853,78.625,10.94,0.9986982806353832,78.625,11.9,11.94,595,595,0,2,40,0,0,ok
T003,8,G722,G722,passthrough,2026-08-07T15:57:50.167418,audio/reference/reference_16k.wav,8bbc2ae1deb6da75302cc9769a058bcf0b9046a5ebc15facf04744fbca798e4a,results/raw/T003_iter8.pcap,7f1c85218478e054a4ca8152d70f30b9f3b8e6c5e1c98445773ef545fff8940f,2.876671075820923,2.876671075820923,16000,0.9949735134122929,78.625,10.94,0.9985024510140237,78.625,11.9,11.94,595,595,0,2,40,0,0,ok
T003,9,G722,G722,passthrough,2026-08-07T15:58:17.222492,audio/reference/reference_16k.wav,8bbc2ae1deb6da75302cc9769a058bcf0b9046a5ebc15facf04744fbca798e4a,results/raw/T003_iter9.pcap,f24b55b9846be116fb82c9eaa842e72110e0b9454480387a687aa892b1337fb8,2.920630693435669,2.920630693435669,16000,0.9960835492034215,78.625,10.94,0.9984218882379573,78.625,11.9,11.94,595,595,0,2,40,0,0,ok
T003,10,G722,G722,passthrough,2026-08-07T15:58:44.338395,audio/reference/reference_16k.wav,8bbc2ae1deb6da75302cc9769a058bcf0b9046a5ebc15facf04744fbca798e4a,results/raw/T003_iter10.pcap,73fd18f6d3d034789ec93b6f8754f6042a28896637683677091c01f19190d88b,2.956981658935547,2.956981658935547,16000,0.9961697651712748,78.625,10.94,0.9987968679631348,78.625,11.9,11.94,595,595,0,2,40,0,0,ok
T004,1,OPUS,OPUS,passthrough,2026-08-07T15:59:15.389120,audio/reference/reference_48k.wav,ab08f556596c8d10e944b9e26ef2e57a68ea939a5678e039189f66f14ce3461c,results/raw/T004_iter1.pcap,bad3a18f6881cc51f605d92569b24a84e1eac1a5e66c0cb3528a37392ba60f92,3.1387131214141846,3.1387131214141846,16000,0.9858471967145489,169.375,10.82,0.9504612826904115,169.375,11.7,11.82,589,585,4,6,120,0,0,ok
T004,2,OPUS,OPUS,passthrough,2026-08-07T15:59:55.606527,audio/reference/reference_48k.wav,ab08f556596c8d10e944b9e26ef2e57a68ea939a5678e039189f66f14ce3461c,results/raw/T004_iter2.pcap,f759966fe4c29f82a4c4ad0fba73266e621727006b796507ba27a520a875d923,3.337963104248047,3.337963104248047,16000,0.9903041516974752,149.375,10.84,0.9544663753466068,149.375,11.72,11.84,590,586,4,6,120,0,0,ok
T004,3,OPUS,OPUS,passthrough,2026-08-07T16:00:22.748662,audio/reference/reference_48k.wav,ab08f556596c8d10e944b9e26ef2e57a68ea939a5678e039189f66f14ce3461c,results/raw/T004_iter3.pcap,1920875c68131745f72c75b7551ad14bc28ed341052a9fc40fc4ef7c45bc8d57,3.1182897090911865,3.1182897090911865,16000,0.9868966300825459,149.375,10.82,0.9481643508433718,149.375,11.68,11.82,588,584,4,7,140,0,0,ok
T004,4,OPUS,OPUS,passthrough,2026-08-07T16:00:51.304662,audio/reference/reference_48k.wav,ab08f556596c8d10e944b9e26ef2e57a68ea939a5678e039189f66f14ce3461c,results/raw/T004_iter4.pcap,5a0a6659f4affc48bf4c5e4db7b60aef9cca80ccb411e465d89cf2e2c8ec72a5,3.3351266384124756,3.3351266384124756,16000,0.9911294917805651,149.375,10.84,0.9547425756949538,149.375,11.72,11.84,590,586,4,6,120,0,0,ok
T004,5,OPUS,OPUS,passthrough,2026-08-07T16:01:19.413470,audio/reference/reference_48k.wav,ab08f556596c8d10e944b9e26ef2e57a68ea939a5678e039189f66f14ce3461c,results/raw/T004_iter5.pcap,d693dd635d960446fbbc26d79d4ba714162fa15ee13b6d914f37483ce5f2910e,3.425187349319458,3.425187349319458,16000,0.9935414124491109,129.375,10.86,0.9572473391959405,129.375,11.74,11.86,591,587,4,6,120,0,0,ok
T004,6,OPUS,OPUS,passthrough,2026-08-07T16:01:46.552460,audio/reference/reference_48k.wav,ab08f556596c8d10e944b9e26ef2e57a68ea939a5678e039189f66f14ce3461c,results/raw/T004_iter6.pcap,45540aae7b480d46625191e6f9a87d568472371a6ee7cb560a481d7025a88cdd,3.372191905975342,3.372191905975342,16000,0.9859134977627458,149.375,10.84,0.9515094416751246,149.375,11.74,11.84,591,587,4,5,100,0,0,ok
T004,7,OPUS,OPUS,passthrough,2026-08-07T16:02:13.696720,audio/reference/reference_48k.wav,ab08f556596c8d10e944b9e26ef2e57a68ea939a5678e039189f66f14ce3461c,results/raw/T004_iter7.pcap,7a8bad161331cd76ce527186c0ccce3433e55c22feaaceb9abfc56f0ac2edf17,3.23236083984375,3.23236083984375,16000,0.9866468840214014,169.375,10.82,0.9550720109251998,169.375,11.7,11.82,589,585,4,6,120,0,0,ok
T004,8,OPUS,OPUS,passthrough,2026-08-07T16:02:40.787373,audio/reference/reference_48k.wav,ab08f556596c8d10e944b9e26ef2e57a68ea939a5678e039189f66f14ce3461c,results/raw/T004_iter8.pcap,12198f0e30977ccb0299972eefbf35d62f96e4095ce3bf835393b7bfe7cccbf1,3.3256893157958984,3.3256893157958984,16000,0.9867724911090519,169.375,10.82,0.9446103247438088,169.375,11.7,11.82,589,585,4,6,120,0,0,ok
T004,9,OPUS,OPUS,passthrough,2026-08-07T16:03:07.889713,audio/reference/reference_48k.wav,ab08f556596c8d10e944b9e26ef2e57a68ea939a5678e039189f66f14ce3461c,results/raw/T004_iter9.pcap,9156cc5d712dfa2fd4ea04fa58fc3a0ab6b95ec7779c361b2ccefc4204259db3,3.0017213821411133,3.0017213821411133,16000,0.9831666842506224,149.375,10.84,0.9494391592245055,149.375,11.72,11.84,590,586,4,6,120,0,0,ok
T004,10,OPUS,OPUS,passthrough,2026-08-07T16:03:35.993019,audio/reference/reference_48k.wav,ab08f556596c8d10e944b9e26ef2e57a68ea939a5678e039189f66f14ce3461c,results/raw/T004_iter10.pcap,5e4a4a721fcc516edff75e4008e6b215e0f7c5f720529caa9d672a252f9f2467,3.648695707321167,3.648695707321167,16000,0.9871664526178969,129.375,10.84,0.9478221549355638,129.375,11.72,11.84,590,586,4,6,120,0,0,ok
T005,1,GSM,GSM,passthrough,2026-08-07T16:04:03.640126,audio/reference/reference_8k.wav,2c60b1209ddd58179c52d2135c796d1ec062a25e2520bb08ca90e6dc04cbb717,results/raw/T005_iter1.pcap,7782a658443a11b7379180033247f3180ed7111056613efd59e5cdfcae01df4a,2.3651235103607178,2.5832202434539795,8000,0.9489899971110312,71.75,10.9,0.9539456116579095,71.75,11.84,11.9,592,592,0,3,60,0,0,ok
T005,2,GSM,GSM,passthrough,2026-08-07T16:04:32.748404,audio/reference/reference_8k.wav,2c60b1209ddd58179c52d2135c796d1ec062a25e2520bb08ca90e6dc04cbb717,results/raw/T005_iter2.pcap,50fd1fc1d7d9c0551cf0a10e480e649731073385062172273fc145b57daef087,2.2181193828582764,2.484908103942871,8000,0.9465017318779708,71.75,10.9,0.9492116182590261,71.75,11.84,11.9,592,592,0,3,60,0,0,ok
T005,3,GSM,GSM,passthrough,2026-08-07T16:05:00.953198,audio/reference/reference_8k.wav,2c60b1209ddd58179c52d2135c796d1ec062a25e2520bb08ca90e6dc04cbb717,results/raw/T005_iter3.pcap,598125464dfa5b0f944dd831fb3df805c6a931939f5a423d720e7ac62efe1591,2.3948073387145996,2.5919408798217773,8000,0.9508429481936812,71.75,10.92,0.9541986590255817,71.75,11.86,11.92,593,593,0,3,60,0,0,ok
T005,4,GSM,GSM,passthrough,2026-08-07T16:05:30.000353,audio/reference/reference_8k.wav,2c60b1209ddd58179c52d2135c796d1ec062a25e2520bb08ca90e6dc04cbb717,results/raw/T005_iter4.pcap,060e8c3806c8352b42c322d7fc2615c7846aa1120e7aad8dd25fac20f33d32f7,2.2528700828552246,2.496504545211792,8000,0.9483828008417449,71.75,10.9,0.9454589299294203,71.75,11.84,11.9,592,592,0,3,60,0,0,ok
T005,5,GSM,GSM,passthrough,2026-08-07T16:05:59.002867,audio/reference/reference_8k.wav,2c60b1209ddd58179c52d2135c796d1ec062a25e2520bb08ca90e6dc04cbb717,results/raw/T005_iter5.pcap,8f5bfed800b30e9e24ae427f80096058d1d0cb292783315d4102c1932790d2eb,2.167698621749878,2.4243619441986084,8000,0.9477487583357762,71.75,10.92,0.9512017609591564,71.75,11.86,11.92,593,593,0,3,60,0,0,ok
T005,6,GSM,GSM,passthrough,2026-08-07T16:06:26.047434,audio/reference/reference_8k.wav,2c60b1209ddd58179c52d2135c796d1ec062a25e2520bb08ca90e6dc04cbb717,results/raw/T005_iter6.pcap,df65859b6b8e2c9d3b2973fe4d55d082bee20b2440acd7f590e32651059225e5,2.3859729766845703,2.5779902935028076,8000,0.952818969278042,71.75,10.94,0.9545499212728394,71.75,11.86,11.94,593,593,0,4,80,0,0,ok
T005,7,GSM,GSM,passthrough,2026-08-07T16:06:53.076475,audio/reference/reference_8k.wav,2c60b1209ddd58179c52d2135c796d1ec062a25e2520bb08ca90e6dc04cbb717,results/raw/T005_iter7.pcap,46147d7650f0e77c14bbd44ce7c27c707a149aefe8bf4d1f786458c93e262182,2.3204329013824463,2.5484721660614014,8000,0.9510278812733538,71.75,10.92,0.9524625428188137,71.75,11.86,11.92,593,593,0,3,60,0,0,ok
T005,8,GSM,GSM,passthrough,2026-08-07T16:07:20.090598,audio/reference/reference_8k.wav,2c60b1209ddd58179c52d2135c796d1ec062a25e2520bb08ca90e6dc04cbb717,results/raw/T005_iter8.pcap,6e030f543156d590cef01832b68c70830687a0269e4b325ff9489f9e1f84ee94,2.28629207611084,2.5312886238098145,8000,0.9468922190236857,71.75,10.9,0.9507459369012414,71.75,11.84,11.9,592,592,0,3,60,0,0,ok
T005,9,GSM,GSM,passthrough,2026-08-07T16:07:48.223061,audio/reference/reference_8k.wav,2c60b1209ddd58179c52d2135c796d1ec062a25e2520bb08ca90e6dc04cbb717,results/raw/T005_iter9.pcap,a3573a3523b568ab10e4dc9dc99a1f8f8458aa9b3aa03b0650e5dbf4e081dc26,2.263356924057007,2.5211737155914307,8000,0.9422257939744136,71.75,10.92,0.9426993135042471,71.75,11.86,11.92,593,593,0,3,60,0,0,ok
T005,10,GSM,GSM,passthrough,2026-08-07T16:08:15.317395,audio/reference/reference_8k.wav,2c60b1209ddd58179c52d2135c796d1ec062a25e2520bb08ca90e6dc04cbb717,results/raw/T005_iter10.pcap,8e419f973eb4e2c27d329ebc5f5d2018f0180e7b4852df22f2c38b0fbcc261f1,2.2882461547851562,2.5359621047973633,8000,0.9477009919103343,71.75,10.9,0.9470522427182002,71.75,11.84,11.9,592,592,0,3,60,0,0,ok
T006,1,PCMU,PCMA,transcode,2026-08-07T16:08:42.913536,audio/reference/reference_8k.wav,2c60b1209ddd58179c52d2135c796d1ec062a25e2520bb08ca90e6dc04cbb717,results/raw/T006_iter1.pcap,bb66d2639945d4402151b4a580cb65c7fef37f235a094d88580771474199d3bf,3.3317668437957764,3.573672294616699,8000,0.9924705238036776,71.75,10.92,0.9974342783574479,71.75,11.86,11.92,593,593,0,3,60,0,0,ok
T006,2,PCMU,PCMA,transcode,2026-08-07T16:09:10.006378,audio/reference/reference_8k.wav,2c60b1209ddd58179c52d2135c796d1ec062a25e2520bb08ca90e6dc04cbb717,results/raw/T006_iter2.pcap,0694237eb6fb1691798040c398486ec903649b4fe0ccfcc9af0483e65df5047a,3.235337972640991,3.438504695892334,8000,0.9883765054653476,71.75,10.9,0.994865510479283,71.75,11.84,11.9,592,592,0,3,60,0,0,ok
T006,3,PCMU,PCMA,transcode,2026-08-07T16:09:38.087778,audio/reference/reference_8k.wav,2c60b1209ddd58179c52d2135c796d1ec062a25e2520bb08ca90e6dc04cbb717,results/raw/T006_iter3.pcap,ba22708db41a0635c30fde5b1829c5f6e05aa3fec158026fa98c75017afbe57b,3.5805323123931885,3.6829073429107666,8000,0.9939183376478022,71.75,10.9,0.9978048694906204,71.75,11.84,11.9,592,592,0,3,60,0,0,ok
T006,4,PCMU,PCMA,transcode,2026-08-07T16:10:07.093385,audio/reference/reference_8k.wav,2c60b1209ddd58179c52d2135c796d1ec062a25e2520bb08ca90e6dc04cbb717,results/raw/T006_iter4.pcap,47b0be1a1e53512b27d00dad3dd178366da1bb1b5f027ab03bf50f15d76eb03e,3.369785785675049,3.5716068744659424,8000,0.9881458372158947,71.75,10.92,0.9950706883707828,71.75,11.86,11.92,593,593,0,3,60,0,0,ok
T006,5,PCMU,PCMA,transcode,2026-08-07T16:10:35.151984,audio/reference/reference_8k.wav,2c60b1209ddd58179c52d2135c796d1ec062a25e2520bb08ca90e6dc04cbb717,results/raw/T006_iter5.pcap,71caa64c2f534b0062022f322fa93a5d95a83b39c3599d1645e0c0ea2e772eee,3.40478777885437,3.612677574157715,8000,0.9908839779850268,71.75,10.9,0.9964721274421373,71.75,11.84,11.9,592,592,0,3,60,0,0,ok
T006,6,PCMU,PCMA,transcode,2026-08-07T16:11:05.691009,audio/reference/reference_8k.wav,2c60b1209ddd58179c52d2135c796d1ec062a25e2520bb08ca90e6dc04cbb717,results/raw/T006_iter6.pcap,832a06e8abd9afeb18bedd5e7bfc4e532d4c786757f232949579899b9a424671,3.404756546020508,3.612541437149048,8000,0.9908802845951511,71.75,10.9,0.9964719547066222,71.75,11.84,11.9,592,592,0,3,60,0,0,ok
T006,7,PCMU,PCMA,transcode,2026-08-07T16:11:33.734506,audio/reference/reference_8k.wav,2c60b1209ddd58179c52d2135c796d1ec062a25e2520bb08ca90e6dc04cbb717,results/raw/T006_iter7.pcap,400f8d53fcf3f41ab0adf55df7ee7f2827259207ef70241e0ec6cabfbf663afa,3.651013135910034,3.7093887329101562,8000,0.9941483506462391,71.75,10.92,0.9978246897414734,71.75,11.86,11.92,593,593,0,3,60,0,0,ok
T006,8,PCMU,PCMA,transcode,2026-08-07T16:12:01.762530,audio/reference/reference_8k.wav,2c60b1209ddd58179c52d2135c796d1ec062a25e2520bb08ca90e6dc04cbb717,results/raw/T006_iter8.pcap,97d9be73ebb375c5564eab0cbf795eb507647de78d007146dd0b95882e7550e6,3.475862979888916,3.6165921688079834,8000,0.9932987009834847,71.75,10.92,0.9974659026187311,71.75,11.86,11.92,593,593,0,3,60,0,0,ok
T006,9,PCMU,PCMA,transcode,2026-08-07T16:12:28.793312,audio/reference/reference_8k.wav,2c60b1209ddd58179c52d2135c796d1ec062a25e2520bb08ca90e6dc04cbb717,results/raw/T006_iter9.pcap,6aad3c754f9c5b7284535ad4be2eb71c81eca3580ec86dea0430564ebe819bc3,3.1443681716918945,3.3068511486053467,8000,0.9880415355495241,71.75,10.9,0.9956215039437679,71.75,11.84,11.9,592,592,0,3,60,0,0,ok
T006,10,PCMU,PCMA,transcode,2026-08-07T16:12:56.336524,audio/reference/reference_8k.wav,2c60b1209ddd58179c52d2135c796d1ec062a25e2520bb08ca90e6dc04cbb717,results/raw/T006_iter10.pcap,966b6c1a65d90dfaf91f244472a1cac389d575dfdc2aa27de9542366fb001b0a,3.3569419384002686,3.529078483581543,8000,0.9867733747808636,71.75,10.9,0.9946050985916884,71.75,11.84,11.9,592,592,0,3,60,0,0,ok
T007,1,PCMU,G722,transcode,2026-08-07T16:13:25.384415,audio/reference/reference_8k.wav,2c60b1209ddd58179c52d2135c796d1ec062a25e2520bb08ca90e6dc04cbb717,results/raw/T007_iter1.pcap,a814c331a06a5c5c4bcc2b9be54b399751d4569387b5b72b1972492b66aa9e06,3.083496570587158,3.556621789932251,8000,0.9896551098991294,68.375,10.9,0.9952453403248974,68.375,11.8,11.9,590,590,0,5,100,0,0,ok
T007,2,PCMU,G722,transcode,2026-08-07T16:13:53.653416,audio/reference/reference_8k.wav,2c60b1209ddd58179c52d2135c796d1ec062a25e2520bb08ca90e6dc04cbb717,results/raw/T007_iter2.pcap,a5b5c45c7c543410217604e9718a4e8c3ebd81d0ca8a4ece2e41a067f7a7bb7c,3.2464632987976074,3.641645669937134,8000,0.9938825905633992,68.375,10.92,0.9972114940351634,68.375,11.82,11.92,591,591,0,5,100,0,0,ok
T007,3,PCMU,G722,transcode,2026-08-07T16:14:20.693470,audio/reference/reference_8k.wav,2c60b1209ddd58179c52d2135c796d1ec062a25e2520bb08ca90e6dc04cbb717,results/raw/T007_iter3.pcap,103c5da2eecc9ba682c3f379ae5f610c9e4ff8f13e3a57293f90bb0723e20367,2.9599204063415527,3.4390602111816406,8000,0.9916768687700559,68.375,10.92,0.992484601198013,68.375,11.82,11.92,591,591,0,5,100,0,0,ok
T007,4,PCMU,G722,transcode,2026-08-07T16:14:47.726425,audio/reference/reference_8k.wav,2c60b1209ddd58179c52d2135c796d1ec062a25e2520bb08ca90e6dc04cbb717,results/raw/T007_iter4.pcap,43ddce5503ad985ae102665a00efb57cbafd6f55ff53c9900950849bc2fe5211,3.0316975116729736,3.5083670616149902,8000,0.9913308628004376,68.375,10.9,0.9961730116667636,68.375,11.8,11.9,590,590,0,5,100,0,0,ok
T007,5,PCMU,G722,transcode,2026-08-07T16:15:15.236406,audio/reference/reference_8k.wav,2c60b1209ddd58179c52d2135c796d1ec062a25e2520bb08ca90e6dc04cbb717,results/raw/T007_iter5.pcap,ccb517deb4fd75ef7dab332b9b6b5f053ca34241f1d018b00ed5c8c914329da3,3.0776827335357666,3.5591931343078613,8000,0.9896933239204203,68.375,10.92,0.9952489452291551,68.375,11.82,11.92,591,591,0,5,100,0,0,ok
T007,6,PCMU,G722,transcode,2026-08-07T16:15:47.267351,audio/reference/reference_8k.wav,2c60b1209ddd58179c52d2135c796d1ec062a25e2520bb08ca90e6dc04cbb717,results/raw/T007_iter6.pcap,97b77b947bcba2d23d0e5cc6998eb339956bf3cf03bda9b3b5efb45d2631ea28,3.2686705589294434,3.666804313659668,8000,0.9941596548442759,68.375,10.92,0.9972092415884829,68.375,11.82,11.92,591,591,0,5,100,0,0,ok
T007,7,PCMU,G722,transcode,2026-08-07T16:16:14.260392,audio/reference/reference_8k.wav,2c60b1209ddd58179c52d2135c796d1ec062a25e2520bb08ca90e6dc04cbb717,results/raw/T007_iter7.pcap,44b526ffa98622537872d51b2fe3bb03d0f82fe34cce372d227e14a310b21150,2.9166595935821533,3.3212039470672607,8000,0.9862491951152137,68.375,10.92,0.9896637104353676,68.375,11.82,11.92,591,591,0,5,100,0,0,ok
T007,8,PCMU,G722,transcode,2026-08-07T16:16:41.297389,audio/reference/reference_8k.wav,2c60b1209ddd58179c52d2135c796d1ec062a25e2520bb08ca90e6dc04cbb717,results/raw/T007_iter8.pcap,daf216638d72e78932545edec5523852762a4e1f9e52f8cb66cc0c8892155a95,2.8391246795654297,3.1357667446136475,8000,0.9872368549207,68.375,10.9,0.9939012882988049,68.375,11.8,11.9,590,590,0,5,100,0,0,ok
T007,9,PCMU,G722,transcode,2026-08-07T16:17:08.818540,audio/reference/reference_8k.wav,2c60b1209ddd58179c52d2135c796d1ec062a25e2520bb08ca90e6dc04cbb717,results/raw/T007_iter9.pcap,4f4d52a3b99a1f84215049329fc6dfb68788ca2a22d461f792e711d71feda034,2.976485252380371,3.4098732471466064,8000,0.989777963442416,108.375,10.88,0.996969417923921,108.375,11.82,11.88,591,591,0,3,60,0,0,ok
T007,10,PCMU,G722,transcode,2026-08-07T16:17:36.928417,audio/reference/reference_8k.wav,2c60b1209ddd58179c52d2135c796d1ec062a25e2520bb08ca90e6dc04cbb717,results/raw/T007_iter10.pcap,91820eb65e274608878a324eb8c312b7b3ac9c45ebe4488e45dfc1e403c1e2b2,2.952284336090088,3.418900489807129,8000,0.990101536294476,68.375,10.92,0.9942994630579285,68.375,11.82,11.92,591,591,0,5,100,0,0,ok
T008,1,PCMU,OPUS,transcode,2026-08-07T16:18:03.992722,audio/reference/reference_8k.wav,2c60b1209ddd58179c52d2135c796d1ec062a25e2520bb08ca90e6dc04cbb717,results/raw/T008_iter1.pcap,6f40b8dbd3bd0104d86587f01dc8c34b6e527208688db12963dbeaa93fc3c2f8,3.2228784561157227,3.4469690322875977,8000,0.9803000061151891,143.25,10.84,0.879496635188599,143.25,11.74,11.84,591,587,4,5,100,0,0,ok
T008,2,PCMU,OPUS,transcode,2026-08-07T16:18:31.087032,audio/reference/reference_8k.wav,2c60b1209ddd58179c52d2135c796d1ec062a25e2520bb08ca90e6dc04cbb717,results/raw/T008_iter2.pcap,f92a052b4cc54b95bfd32b508f4486433c4a4eb338c1240741467a56ca8deb57,3.3583168983459473,3.635486125946045,8000,0.8826001256560161,143.25,10.82,0.617485715316505,143.25,11.72,11.82,590,586,4,5,100,0,0,ok
T008,3,PCMU,OPUS,transcode,2026-08-07T16:18:58.163402,audio/reference/reference_8k.wav,2c60b1209ddd58179c52d2135c796d1ec062a25e2520bb08ca90e6dc04cbb717,results/raw/T008_iter3.pcap,44d6abddeb09faab7812c18d204416a2949e940f93d9f51c67e1e39f89df0bfb,3.694061517715454,3.444362163543701,8000,0.9843083276675627,143.25,10.84,0.8610115469435399,143.25,11.74,11.84,591,587,4,5,100,0,0,ok
T008,4,PCMU,OPUS,transcode,2026-08-07T16:19:25.278459,audio/reference/reference_8k.wav,2c60b1209ddd58179c52d2135c796d1ec062a25e2520bb08ca90e6dc04cbb717,results/raw/T008_iter4.pcap,224de26bdc9b38a8a7693998be21f811faca98eff9b4b69000e62ab3972ab4e7,3.5884170532226562,3.7795801162719727,8000,0.8670146832774653,143.25,10.82,0.4725406581590384,143.25,11.74,11.82,591,587,4,4,80,0,0,ok
T008,5,PCMU,OPUS,transcode,2026-08-07T16:19:52.411111,audio/reference/reference_8k.wav,2c60b1209ddd58179c52d2135c796d1ec062a25e2520bb08ca90e6dc04cbb717,results/raw/T008_iter5.pcap,2c78fab6dad23966b24f09b65be048e2fde6e4d7d3752c412a1e16865c9da57a,2.8511626720428467,3.3033595085144043,8000,0.9538217096685854,143.25,10.84,0.7995365685519731,143.25,11.74,11.84,591,587,4,5,100,0,0,ok
T008,6,PCMU,OPUS,transcode,2026-08-07T16:20:19.545538,audio/reference/reference_8k.wav,2c60b1209ddd58179c52d2135c796d1ec062a25e2520bb08ca90e6dc04cbb717,results/raw/T008_iter6.pcap,c857fc77aa1a0a7c4f863d108708695375296491f90daa28fc3a2e37e67267a9,3.0321316719055176,3.4250941276550293,8000,0.8740702137030393,143.25,10.8,0.6112860751920411,143.25,11.7,11.8,589,585,4,5,100,0,0,ok
T008,7,PCMU,OPUS,transcode,2026-08-07T16:20:47.116239,audio/reference/reference_8k.wav,2c60b1209ddd58179c52d2135c796d1ec062a25e2520bb08ca90e6dc04cbb717,results/raw/T008_iter7.pcap,138109b7dc7624acf0ded45a668d2da6a6047d44ebb44ffc11e174653e9dc9f6,3.172405958175659,3.4804885387420654,8000,0.9817215331516642,143.25,10.82,0.9289363998154324,143.25,11.72,11.82,590,586,4,5,100,0,0,ok
T008,8,PCMU,OPUS,transcode,2026-08-07T16:21:14.704274,audio/reference/reference_8k.wav,2c60b1209ddd58179c52d2135c796d1ec062a25e2520bb08ca90e6dc04cbb717,results/raw/T008_iter8.pcap,079708828b402b928ef0508cbfe47647eefddc409d18151e4d2431916038fedf,3.4431731700897217,3.802933692932129,8000,0.8748907034259771,163.25,10.8,0.6124677161078514,163.25,11.72,11.8,590,586,4,4,80,0,0,ok
T008,9,PCMU,OPUS,transcode,2026-08-07T16:21:44.824345,audio/reference/reference_8k.wav,2c60b1209ddd58179c52d2135c796d1ec062a25e2520bb08ca90e6dc04cbb717,results/raw/T008_iter9.pcap,f936fc42b188ab8d1936cb4a9af55e1645af5d9427cc24dc7e52d029d225f868,3.108961582183838,3.3555026054382324,8000,0.8633936519374776,143.25,10.82,0.4717137066747495,143.25,11.74,11.82,591,587,4,4,80,0,0,ok
T008,10,PCMU,OPUS,transcode,2026-08-07T16:22:13.923240,audio/reference/reference_8k.wav,2c60b1209ddd58179c52d2135c796d1ec062a25e2520bb08ca90e6dc04cbb717,results/raw/T008_iter10.pcap,a2e6260e28c41a1141d243f38090c11ce9ad696de86f27a09dad5d14722e91be,2.9533374309539795,3.3651552200317383,8000,0.9701039252206852,143.25,10.84,0.795242253539062,143.25,11.74,11.84,591,587,4,5,100,0,0,ok
T009,1,PCMU,GSM,transcode,2026-08-07T16:22:41.048216,audio/reference/reference_8k.wav,2c60b1209ddd58179c52d2135c796d1ec062a25e2520bb08ca90e6dc04cbb717,results/raw/T009_iter1.pcap,85d4ac936519fa01e9e3c8838fb61921b26124da60a5190f9643d54bb257055c,2.245722770690918,2.460343360900879,8000,0.9441539402070909,71.75,10.92,0.9516534456212028,71.75,11.86,11.92,593,593,0,3,60,0,0,ok
T009,2,PCMU,GSM,transcode,2026-08-07T16:23:08.103389,audio/reference/reference_8k.wav,2c60b1209ddd58179c52d2135c796d1ec062a25e2520bb08ca90e6dc04cbb717,results/raw/T009_iter2.pcap,dde7d2eb11fdee4ed4ad0a8b234140c5f1851ccf338bdddcb34ac11571e6dd9c,2.3579699993133545,2.5246801376342773,8000,0.9496485312696166,71.75,10.9,0.954012215863252,71.75,11.84,11.9,592,592,0,3,60,0,0,ok
T009,3,PCMU,GSM,transcode,2026-08-07T16:23:36.755494,audio/reference/reference_8k.wav,2c60b1209ddd58179c52d2135c796d1ec062a25e2520bb08ca90e6dc04cbb717,results/raw/T009_iter3.pcap,3cefa7166b7c7ed561ffb58e0eba8827de34abc767634f2f34043b7ea7c273c6,2.3363029956817627,2.5149357318878174,8000,0.9485306661347426,31.75,10.94,0.953626012793525,31.75,11.88,11.94,594,594,0,3,60,0,0,ok
T009,4,PCMU,GSM,transcode,2026-08-07T16:24:04.888466,audio/reference/reference_8k.wav,2c60b1209ddd58179c52d2135c796d1ec062a25e2520bb08ca90e6dc04cbb717,results/raw/T009_iter4.pcap,d8c2f1beb66101c397b4096abf0c6043f43ee2781acf88d75caff921ae835c89,2.206577777862549,2.3388512134552,8000,0.9411893317358796,71.75,10.92,0.9462494508603454,71.75,11.86,11.92,593,593,0,3,60,0,0,ok
T009,5,PCMU,GSM,transcode,2026-08-07T16:24:32.023902,audio/reference/reference_8k.wav,2c60b1209ddd58179c52d2135c796d1ec062a25e2520bb08ca90e6dc04cbb717,results/raw/T009_iter5.pcap,7a58cf483b3f52f2f7864a5970a2b73409b5b1748bf08d23574414d9c009f616,2.340489149093628,2.516294002532959,8000,0.9492484206661975,71.75,10.94,0.9542801580117843,71.75,11.86,11.94,593,593,0,4,80,0,0,ok
T009,6,PCMU,GSM,transcode,2026-08-07T16:24:59.589444,audio/reference/reference_8k.wav,2c60b1209ddd58179c52d2135c796d1ec062a25e2520bb08ca90e6dc04cbb717,results/raw/T009_iter6.pcap,c918bcf5c4b75bc0a29cfd936df1e1f19c7f06266694870f8df0b7e2d1b3e8b0,2.308180093765259,2.5050058364868164,8000,0.9489325202321519,71.75,10.9,0.9534961694114102,71.75,11.84,11.9,592,592,0,3,60,0,0,ok
T009,7,PCMU,GSM,transcode,2026-08-07T16:25:27.169725,audio/reference/reference_8k.wav,2c60b1209ddd58179c52d2135c796d1ec062a25e2520bb08ca90e6dc04cbb717,results/raw/T009_iter7.pcap,fd13a52c5cde02cebbe4fbeb777af366082506638f95ea7a23fc0104928dbdad,2.17413330078125,2.415454387664795,8000,0.944915577115308,71.75,10.92,0.9509146335087723,71.75,11.86,11.92,593,593,0,3,60,0,0,ok
T009,8,PCMU,GSM,transcode,2026-08-07T16:25:56.233458,audio/reference/reference_8k.wav,2c60b1209ddd58179c52d2135c796d1ec062a25e2520bb08ca90e6dc04cbb717,results/raw/T009_iter8.pcap,47b2fb0ea1d21a22578c4bc211e47ea2391a7626bc7229c23c7f98e56572621d,2.1300151348114014,2.363966703414917,8000,0.9426635959300408,71.75,10.9,0.9514347988658785,71.75,11.84,11.9,592,592,0,3,60,0,0,ok
T009,9,PCMU,GSM,transcode,2026-08-07T16:26:24.254437,audio/reference/reference_8k.wav,2c60b1209ddd58179c52d2135c796d1ec062a25e2520bb08ca90e6dc04cbb717,results/raw/T009_iter9.pcap,822cbad1e586a4cb4fef8914ab32cb7978536e1e17cbfdb209d0a7d8c74fd923,2.206549882888794,2.4595537185668945,8000,0.9449722499428808,71.75,10.9,0.952927363721498,71.75,11.8,11.9,590,590,0,5,100,0,0,ok
T009,10,PCMU,GSM,transcode,2026-08-07T16:26:51.776410,audio/reference/reference_8k.wav,2c60b1209ddd58179c52d2135c796d1ec062a25e2520bb08ca90e6dc04cbb717,results/raw/T009_iter10.pcap,03caafe28b8989635fe295fa4e11eb9601e578fa513a31600ef4943ee89ed38c,2.234492540359497,2.4561221599578857,8000,0.943789749937005,71.75,10.92,0.94822051397191,71.75,11.86,11.92,593,593,0,3,60,0,0,ok
T010,1,PCMA,G722,transcode,2026-08-07T16:27:18.803541,audio/reference/reference_8k.wav,2c60b1209ddd58179c52d2135c796d1ec062a25e2520bb08ca90e6dc04cbb717,results/raw/T010_iter1.pcap,bedcdaabf60bd46332eb810b1f0374e62c595ea58bc29e978ddfe34eb7738951,3.088299036026001,3.582078456878662,8000,0.9931965259154758,68.375,10.92,0.997178582695883,68.375,11.82,11.92,591,591,0,5,100,0,0,ok
T010,2,PCMA,G722,transcode,2026-08-07T16:27:45.830396,audio/reference/reference_8k.wav,2c60b1209ddd58179c52d2135c796d1ec062a25e2520bb08ca90e6dc04cbb717,results/raw/T010_iter2.pcap,a4f9f0a0a29b5be548e900c2240aacfbe6c2e13e4ce036fbf44cb7a2e5b02fa1,2.8708367347717285,3.18662428855896,8000,0.9834319098003093,68.375,10.9,0.9895895942007196,68.375,11.8,11.9,590,590,0,5,100,0,0,ok
T010,3,PCMA,G722,transcode,2026-08-07T16:28:15.893542,audio/reference/reference_8k.wav,2c60b1209ddd58179c52d2135c796d1ec062a25e2520bb08ca90e6dc04cbb717,results/raw/T010_iter3.pcap,72ab08ad9e26186c01c731c3e19956fbd1f64da3ac70dca0d292b627b998caa2,2.963024139404297,3.5024328231811523,8000,0.9915779000958662,68.375,10.92,0.9961895496364673,68.375,11.82,11.92,591,591,0,5,100,0,0,ok
T010,4,PCMA,G722,transcode,2026-08-07T16:28:42.955605,audio/reference/reference_8k.wav,2c60b1209ddd58179c52d2135c796d1ec062a25e2520bb08ca90e6dc04cbb717,results/raw/T010_iter4.pcap,79d769c436f01879a39213ce4779642ed24f6a93cefd95083673c39db63cfeb0,3.1033244132995605,3.5844717025756836,8000,0.9925681812220304,68.375,10.9,0.9970968635166135,68.375,11.8,11.9,590,590,0,5,100,0,0,ok
T010,5,PCMA,G722,transcode,2026-08-07T16:29:14.527501,audio/reference/reference_8k.wav,2c60b1209ddd58179c52d2135c796d1ec062a25e2520bb08ca90e6dc04cbb717,results/raw/T010_iter5.pcap,8909b30cb44f46c2cc7955c37edcfd5d5ae34cef7fbf6878fa9f8960c41b55a8,2.82476806640625,3.3541460037231445,8000,0.9902841805526621,68.375,10.92,0.9959976941075767,68.375,11.82,11.92,591,591,0,5,100,0,0,ok
T010,6,PCMA,G722,transcode,2026-08-07T16:29:41.551408,audio/reference/reference_8k.wav,2c60b1209ddd58179c52d2135c796d1ec062a25e2520bb08ca90e6dc04cbb717,results/raw/T010_iter6.pcap,381225217a434ef55a6d6fe6f412e74f279d3cea48da6c4f8b583b53e55a02c8,2.78592848777771,3.2410387992858887,8000,0.9872755721239488,68.375,10.94,0.9918918115018692,68.375,11.82,11.94,591,591,0,6,120,0,0,ok
T010,7,PCMA,G722,transcode,2026-08-07T16:30:08.579343,audio/reference/reference_8k.wav,2c60b1209ddd58179c52d2135c796d1ec062a25e2520bb08ca90e6dc04cbb717,results/raw/T010_iter7.pcap,569f7f339668170e6944906aa401d944aa8b979d4e9c6a59e99572f802b4c653,2.828261375427246,3.3200950622558594,8000,0.989039448406464,68.375,10.92,0.9960842226547693,68.375,11.82,11.92,591,591,0,5,100,0,0,ok
T010,8,PCMA,G722,transcode,2026-08-07T16:30:39.582719,audio/reference/reference_8k.wav,2c60b1209ddd58179c52d2135c796d1ec062a25e2520bb08ca90e6dc04cbb717,results/raw/T010_iter8.pcap,8e0f9987bfe87c8ae3e9b150ff039afcdde755ba8fc33aaa750b06d32e678f42,2.913020610809326,3.453995704650879,8000,0.9887960139949877,108.375,10.84,0.9943841999126748,108.375,11.78,11.84,589,589,0,3,60,0,0,ok
T010,9,PCMA,G722,transcode,2026-08-07T16:31:08.593387,audio/reference/reference_8k.wav,2c60b1209ddd58179c52d2135c796d1ec062a25e2520bb08ca90e6dc04cbb717,results/raw/T010_iter9.pcap,54c816cb0fd9a430bdb4b9c779612b99c5d53696b058053d9e029cbfe9e1bd96,2.8943028450012207,3.419839859008789,8000,0.9850837943661288,68.375,10.92,0.992371995135888,68.375,11.82,11.92,591,591,0,5,100,0,0,ok
T010,10,PCMA,G722,transcode,2026-08-07T16:31:36.744106,audio/reference/reference_8k.wav,2c60b1209ddd58179c52d2135c796d1ec062a25e2520bb08ca90e6dc04cbb717,results/raw/T010_iter10.pcap,1e3e52e8dbf1e102b173f6514aa4fad3c2ab1d6336d278bc3c81b76c7bb88412,2.9186782836914062,3.485583782196045,8000,0.9889506746598553,68.375,10.92,0.9961225071313823,68.375,11.82,11.92,591,591,0,5,100,0,0,ok
T011,1,PCMA,OPUS,transcode,2026-08-07T16:32:03.803433,audio/reference/reference_8k.wav,2c60b1209ddd58179c52d2135c796d1ec062a25e2520bb08ca90e6dc04cbb717,results/raw/T011_iter1.pcap,23aa4a2f380c2f182a4d3d6fd835379f2816775c767e8a8b7671bc1db18a56ee,3.396436929702759,3.6276891231536865,8000,0.8540560134717385,143.25,10.82,0.40261108240358245,143.25,11.74,11.82,591,587,4,4,80,0,0,ok
T011,2,PCMA,OPUS,transcode,2026-08-07T16:32:32.941206,audio/reference/reference_8k.wav,2c60b1209ddd58179c52d2135c796d1ec062a25e2520bb08ca90e6dc04cbb717,results/raw/T011_iter2.pcap,beb96571be70f642dadf45f59d825ccf251eaec228aec93fa99b25b7da02629e,3.643409013748169,3.8198277950286865,8000,0.8673357743638089,143.25,10.82,0.47204199600226776,143.25,11.74,11.82,591,587,4,4,80,0,0,ok
T011,3,PCMA,OPUS,transcode,2026-08-07T16:33:00.037573,audio/reference/reference_8k.wav,2c60b1209ddd58179c52d2135c796d1ec062a25e2520bb08ca90e6dc04cbb717,results/raw/T011_iter3.pcap,b1ff909c85f302a307edae03d9ecc4735ea47e4efa6db11abff5143887f208ab,3.507866382598877,3.4361631870269775,8000,0.8731062959632554,143.25,10.82,0.5188915038837466,143.25,11.74,11.82,591,587,4,4,80,0,0,ok
T011,4,PCMA,OPUS,transcode,2026-08-07T16:33:27.620537,audio/reference/reference_8k.wav,2c60b1209ddd58179c52d2135c796d1ec062a25e2520bb08ca90e6dc04cbb717,results/raw/T011_iter4.pcap,2841f8f7d720910ec35bb31ab4de5fab139e93e333621009c48863dd516fbf2c,3.311229944229126,3.3124938011169434,8000,0.8384723276015631,143.25,10.82,0.3735507553249296,143.25,11.74,11.82,591,587,4,4,80,0,0,ok
T011,5,PCMA,OPUS,transcode,2026-08-07T16:33:55.758834,audio/reference/reference_8k.wav,2c60b1209ddd58179c52d2135c796d1ec062a25e2520bb08ca90e6dc04cbb717,results/raw/T011_iter5.pcap,3e4f5a9149c6599dce77a8047d097ac072397b3f7f97b186f4e0bcf865b84d00,3.5518362522125244,3.574355363845825,8000,0.9785086771916577,163.25,10.8,0.9399968465744046,163.25,11.72,11.8,590,586,4,4,80,0,0,ok
T011,6,PCMA,OPUS,transcode,2026-08-07T16:34:23.335469,audio/reference/reference_8k.wav,2c60b1209ddd58179c52d2135c796d1ec062a25e2520bb08ca90e6dc04cbb717,results/raw/T011_iter6.pcap,b204fcb083ff210230400c9a012786ff53061cb720a44d40f16be7fb928e1173,3.457361936569214,3.718947649002075,8000,0.8770836379313371,143.25,10.84,0.5927402724007387,143.25,11.74,11.84,591,587,4,5,100,0,0,ok
T011,7,PCMA,OPUS,transcode,2026-08-07T16:34:50.430620,audio/reference/reference_8k.wav,2c60b1209ddd58179c52d2135c796d1ec062a25e2520bb08ca90e6dc04cbb717,results/raw/T011_iter7.pcap,4c867f47f4df081d8fc2e32e02a97a108724ff07a0f5a442f8cf9c7ad025ac60,3.2459073066711426,3.4888110160827637,8000,0.9457208144469647,143.25,10.82,0.7850077881442746,143.25,11.72,11.82,590,586,4,5,100,0,0,ok
T011,8,PCMA,OPUS,transcode,2026-08-07T16:35:19.014395,audio/reference/reference_8k.wav,2c60b1209ddd58179c52d2135c796d1ec062a25e2520bb08ca90e6dc04cbb717,results/raw/T011_iter8.pcap,08db1a16545be9b5c7c95d3e99e03ca98ab410998525fc8514e1349dca2ece9a,3.47090220451355,3.7428250312805176,8000,0.8819208631561918,143.25,10.82,0.6159896436920572,143.25,11.72,11.82,590,586,4,5,100,0,0,ok
T011,9,PCMA,OPUS,transcode,2026-08-07T16:35:48.213407,audio/reference/reference_8k.wav,2c60b1209ddd58179c52d2135c796d1ec062a25e2520bb08ca90e6dc04cbb717,results/raw/T011_iter9.pcap,02088133cfba7d01a24e7701541c3e531986b472d92bf8028a1af4ebf730797b,2.9880330562591553,3.3155269622802734,8000,0.8619966682058432,143.25,10.82,0.4694176112729694,143.25,11.74,11.82,591,587,4,4,80,0,0,ok
T011,10,PCMA,OPUS,transcode,2026-08-07T16:36:15.449404,audio/reference/reference_8k.wav,2c60b1209ddd58179c52d2135c796d1ec062a25e2520bb08ca90e6dc04cbb717,results/raw/T011_iter10.pcap,f54eff1044bc8f64fcf00be453d0a955388aa44c4aec577d1fc83cd06d65a39b,3.504683017730713,3.778468370437622,8000,0.8921820616963729,123.25,10.82,0.6302526391310576,123.25,11.7,11.82,589,585,4,6,120,0,0,ok
T012,1,PCMA,GSM,transcode,2026-08-07T16:36:43.538560,audio/reference/reference_8k.wav,2c60b1209ddd58179c52d2135c796d1ec062a25e2520bb08ca90e6dc04cbb717,results/raw/T012_iter1.pcap,ed749b2cfbc150f82983fbbda1ff543faeb90e263fe390440740bb5b28650aee,2.266601085662842,2.4844253063201904,8000,0.9462195054613195,71.75,10.94,0.9528734937670288,71.75,11.86,11.94,593,593,0,4,80,0,0,ok
T012,2,PCMA,GSM,transcode,2026-08-07T16:37:12.632482,audio/reference/reference_8k.wav,2c60b1209ddd58179c52d2135c796d1ec062a25e2520bb08ca90e6dc04cbb717,results/raw/T012_iter2.pcap,c2207798a372a1e3beecbd00b38fd37b35fb52039e80f1ff059d9c7b5653782a,2.3816707134246826,2.5628581047058105,8000,0.9514617602356975,71.75,10.9,0.9551968694852767,71.75,11.84,11.9,592,592,0,3,60,0,0,ok
T012,3,PCMA,GSM,transcode,2026-08-07T16:37:41.124872,audio/reference/reference_8k.wav,2c60b1209ddd58179c52d2135c796d1ec062a25e2520bb08ca90e6dc04cbb717,results/raw/T012_iter3.pcap,1fa6b1019f58764f7b74fe5c2e4712b77e47140ce96452e1ffdd42773a8d2574,2.3140127658843994,2.521545171737671,8000,0.9454761329773277,71.75,10.94,0.9522404900781921,71.75,11.86,11.94,593,593,0,4,80,0,0,ok
T012,4,PCMA,GSM,transcode,2026-08-07T16:38:08.462509,audio/reference/reference_8k.wav,2c60b1209ddd58179c52d2135c796d1ec062a25e2520bb08ca90e6dc04cbb717,results/raw/T012_iter4.pcap,84eee6743075da790dedda9666a0344c63d231ef1d176bf57e123a18a7b56a52,2.3701283931732178,2.5466034412384033,8000,0.9505771505767661,71.75,10.92,0.9553751916883962,71.75,11.86,11.92,593,593,0,3,60,0,0,ok
T012,5,PCMA,GSM,transcode,2026-08-07T16:38:40.480406,audio/reference/reference_8k.wav,2c60b1209ddd58179c52d2135c796d1ec062a25e2520bb08ca90e6dc04cbb717,results/raw/T012_iter5.pcap,55acdbc511982a2c37e2a7a00b0457408fd83bcf9b1adc839149aa4183b0a353,2.2686567306518555,2.488250255584717,8000,0.9499012059237792,71.75,10.9,0.953553538439103,71.75,11.84,11.9,592,592,0,3,60,0,0,ok
T012,6,PCMA,GSM,transcode,2026-08-07T16:39:10.462570,audio/reference/reference_8k.wav,2c60b1209ddd58179c52d2135c796d1ec062a25e2520bb08ca90e6dc04cbb717,results/raw/T012_iter6.pcap,f845eb85fa5005781deb66fb799094b094a087eac7c03f0ade0f2676c88df3b3,2.3315582275390625,2.530456781387329,8000,0.9479088780645738,71.75,10.92,0.9529040742607537,71.75,11.86,11.92,593,593,0,3,60,0,0,ok
T012,7,PCMA,GSM,transcode,2026-08-07T16:39:39.505297,audio/reference/reference_8k.wav,2c60b1209ddd58179c52d2135c796d1ec062a25e2520bb08ca90e6dc04cbb717,results/raw/T012_iter7.pcap,9134adcb8782a407928f62363ff0432f3671a615d56e6a288650200f26915cc1,2.2658438682556152,2.4965004920959473,8000,0.9462254997178563,71.75,10.94,0.9527874209274545,71.75,11.86,11.94,593,593,0,4,80,0,0,ok
T012,8,PCMA,GSM,transcode,2026-08-07T16:40:06.536534,audio/reference/reference_8k.wav,2c60b1209ddd58179c52d2135c796d1ec062a25e2520bb08ca90e6dc04cbb717,results/raw/T012_iter8.pcap,802c05e257761181eadfcb3e9f9ce676fe06ffbc0bb62e62ea85f2903d8860c3,2.3381659984588623,2.5335421562194824,8000,0.9457515354187561,71.75,10.9,0.9520988834992461,71.75,11.84,11.9,592,592,0,3,60,0,0,ok
T012,9,PCMA,GSM,transcode,2026-08-07T16:40:37.171485,audio/reference/reference_8k.wav,2c60b1209ddd58179c52d2135c796d1ec062a25e2520bb08ca90e6dc04cbb717,results/raw/T012_iter9.pcap,b063f0fc5d250144d103c8aaee2d7db09c48d02e0ceb8dece89e8e67c7d364cc,2.242763042449951,2.4585065841674805,8000,0.9454638041779213,71.75,10.92,0.9495164589599486,71.75,11.86,11.92,593,593,0,3,60,0,0,ok
T012,10,PCMA,GSM,transcode,2026-08-07T16:41:04.273476,audio/reference/reference_8k.wav,2c60b1209ddd58179c52d2135c796d1ec062a25e2520bb08ca90e6dc04cbb717,results/raw/T012_iter10.pcap,241f4003b369a9e181888478fe4851cf0adf91963d601d30cc310bd68cd4ef48,2.321810245513916,2.525179386138916,8000,0.9481576675049264,71.75,10.92,0.9530169748240096,71.75,11.86,11.92,593,593,0,3,60,0,0,ok
T013,1,G722,PCMU,transcode,2026-08-07T16:41:35.301562,audio/reference/reference_16k.wav,8bbc2ae1deb6da75302cc9769a058bcf0b9046a5ebc15facf04744fbca798e4a,results/raw/T013_iter1.pcap,79faf4f870b102cf0113ea957e6fb5842c58f2b92363943a395f19456f354288,2.615058660507202,2.615058660507202,16000,0.990880685281722,76.625,10.94,0.9885267477555876,76.625,11.86,11.94,593,593,0,4,80,0,0,ok
T013,2,G722,PCMU,transcode,2026-08-07T16:42:04.380738,audio/reference/reference_16k.wav,8bbc2ae1deb6da75302cc9769a058bcf0b9046a5ebc15facf04744fbca798e4a,results/raw/T013_iter2.pcap,66669cfb8577e82edc2e833d45f8eee09f046b2c0d944fa2892286d336a75826,2.6307640075683594,2.6307640075683594,16000,0.9904353863612559,76.625,10.94,0.9892772842439514,76.625,11.86,11.94,593,593,0,4,80,0,0,ok
T013,3,G722,PCMU,transcode,2026-08-07T16:42:32.357235,audio/reference/reference_16k.wav,8bbc2ae1deb6da75302cc9769a058bcf0b9046a5ebc15facf04744fbca798e4a,results/raw/T013_iter3.pcap,6019ec8c1cb1417817f983d7adda0e528ff00630c4569d6fa68a1d71f3a9fe74,2.5377390384674072,2.5377390384674072,16000,0.9886736793249115,76.625,10.94,0.9860988947178776,76.625,11.86,11.94,593,593,0,4,80,0,0,ok
T013,4,G722,PCMU,transcode,2026-08-07T16:42:59.331968,audio/reference/reference_16k.wav,8bbc2ae1deb6da75302cc9769a058bcf0b9046a5ebc15facf04744fbca798e4a,results/raw/T013_iter4.pcap,edb63fb441b3488839798c2cb093e4f787542e5941220ab190558f1e2c80903b,2.6010525226593018,2.6010525226593018,16000,0.9906730419250329,76.625,10.94,0.9885565675384723,76.625,11.86,11.94,593,593,0,4,80,0,0,ok
T013,5,G722,PCMU,transcode,2026-08-07T16:43:26.400555,audio/reference/reference_16k.wav,8bbc2ae1deb6da75302cc9769a058bcf0b9046a5ebc15facf04744fbca798e4a,results/raw/T013_iter5.pcap,9d24edba65d39768532e737d4a26779a37e6187f86efe36f350fdbfec45179d5,2.5053911209106445,2.5053911209106445,16000,0.9860174298651057,76.625,10.94,0.9834296701393184,76.625,11.86,11.94,593,593,0,4,80,0,0,ok
T013,6,G722,PCMU,transcode,2026-08-07T16:43:53.412772,audio/reference/reference_16k.wav,8bbc2ae1deb6da75302cc9769a058bcf0b9046a5ebc15facf04744fbca798e4a,results/raw/T013_iter6.pcap,3e77bc7e826ca4cccaa96910e4ed47100289c51bd2e6a13e34d2e04eb75e84ef,2.613182783126831,2.613182783126831,16000,0.991713096230624,76.625,10.94,0.9888694966986802,76.625,11.86,11.94,593,593,0,4,80,0,0,ok
T013,7,G722,PCMU,transcode,2026-08-07T16:44:20.377817,audio/reference/reference_16k.wav,8bbc2ae1deb6da75302cc9769a058bcf0b9046a5ebc15facf04744fbca798e4a,results/raw/T013_iter7.pcap,ae399c3f25b20a8dc7cbd64d75435d97854fbd59d706156d673b8a5d82c6e4c7,2.5797278881073,2.5797278881073,16000,0.9902917143713353,76.625,10.92,0.9885755788063167,76.625,11.84,11.92,592,592,0,4,80,0,0,ok
T013,8,G722,PCMU,transcode,2026-08-07T16:44:47.804019,audio/reference/reference_16k.wav,8bbc2ae1deb6da75302cc9769a058bcf0b9046a5ebc15facf04744fbca798e4a,results/raw/T013_iter8.pcap,8408e0cea87bbf70817e5325b716a9e69ef6ca3d85ea0cd304e2fb4fb4a1726f,2.508326292037964,2.508326292037964,16000,0.9862913077013996,76.625,10.92,0.9794632392504922,76.625,11.84,11.92,592,592,0,4,80,0,0,ok
T013,9,G722,PCMU,transcode,2026-08-07T16:45:17.229057,audio/reference/reference_16k.wav,8bbc2ae1deb6da75302cc9769a058bcf0b9046a5ebc15facf04744fbca798e4a,results/raw/T013_iter9.pcap,dcf4701104f8cea423489be91b9888421abca8e4d7f3a681d8b13650024b4de1,2.4937822818756104,2.4937822818756104,16000,0.9861870462913869,76.625,10.94,0.9796006680389816,76.625,11.86,11.94,593,593,0,4,80,0,0,ok
T013,10,G722,PCMU,transcode,2026-08-07T16:45:44.207532,audio/reference/reference_16k.wav,8bbc2ae1deb6da75302cc9769a058bcf0b9046a5ebc15facf04744fbca798e4a,results/raw/T013_iter10.pcap,8d94b3bb37778e84effe632ca3c212f2d575fa496beea7ed00a4ee053e4b0dc5,2.638195753097534,2.638195753097534,16000,0.9924911249619909,76.625,10.94,0.9895611348464226,76.625,11.86,11.94,593,593,0,4,80,0,0,ok
T014,1,G722,PCMA,transcode,2026-08-07T16:46:20.201658,audio/reference/reference_16k.wav,8bbc2ae1deb6da75302cc9769a058bcf0b9046a5ebc15facf04744fbca798e4a,results/raw/T014_iter1.pcap,7b845ad35a0292ede0b483f650ba1d64f61a118e1cc45c57a8d56ad549b94e05,2.6662886142730713,2.6662886142730713,16000,0.9919612563184743,76.625,10.94,0.9894565684198781,76.625,11.86,11.94,593,593,0,4,80,0,0,ok
T014,2,G722,PCMA,transcode,2026-08-07T16:46:47.190002,audio/reference/reference_16k.wav,8bbc2ae1deb6da75302cc9769a058bcf0b9046a5ebc15facf04744fbca798e4a,results/raw/T014_iter2.pcap,4dd4f150475ea5c24bd122fac3a2c21a1d0506a593638ae2ab547bcdf7a6f96a,2.5822665691375732,2.5822665691375732,16000,0.9859988649599742,76.625,10.94,0.982937696141866,76.625,11.86,11.94,593,593,0,4,80,0,0,ok
T014,3,G722,PCMA,transcode,2026-08-07T16:47:14.169681,audio/reference/reference_16k.wav,8bbc2ae1deb6da75302cc9769a058bcf0b9046a5ebc15facf04744fbca798e4a,results/raw/T014_iter3.pcap,75929accb46631a08839bee2302e0e3a0ce08d43ec60574974ff1e3955c4df2d,2.636406898498535,2.636406898498535,16000,0.9900841941905312,76.625,10.9,0.9892808965971068,76.625,11.82,11.9,591,591,0,4,80,0,0,ok
T014,4,G722,PCMA,transcode,2026-08-07T16:47:42.089744,audio/reference/reference_16k.wav,8bbc2ae1deb6da75302cc9769a058bcf0b9046a5ebc15facf04744fbca798e4a,results/raw/T014_iter4.pcap,88b4f865bac4b4385d3f34b2044b9c371ba28a7d8c02a619ee3aa2167cb04b56,2.498809337615967,2.498809337615967,16000,0.9830839210836027,76.625,10.94,0.9818764644179806,76.625,11.86,11.94,593,593,0,4,80,0,0,ok
T014,5,G722,PCMA,transcode,2026-08-07T16:48:09.069057,audio/reference/reference_16k.wav,8bbc2ae1deb6da75302cc9769a058bcf0b9046a5ebc15facf04744fbca798e4a,results/raw/T014_iter5.pcap,2cc894aa86f824ace425a8ef9f1e05363065121b7ef313408b954f62d6ef30bc,2.576389789581299,2.576389789581299,16000,0.9904121591802606,76.625,10.92,0.9890686635412748,76.625,11.84,11.92,592,592,0,4,80,0,0,ok
T014,6,G722,PCMA,transcode,2026-08-07T16:48:36.996263,audio/reference/reference_16k.wav,8bbc2ae1deb6da75302cc9769a058bcf0b9046a5ebc15facf04744fbca798e4a,results/raw/T014_iter6.pcap,f1b89c8659a3d84fbbb6f2ad72aea464ee3404648b75aedf551a273895932b49,2.6744165420532227,2.6744165420532227,16000,0.9917954001883128,76.625,10.92,0.9894935984435145,76.625,11.84,11.92,592,592,0,4,80,0,0,ok
T014,7,G722,PCMA,transcode,2026-08-07T16:49:04.962564,audio/reference/reference_16k.wav,8bbc2ae1deb6da75302cc9769a058bcf0b9046a5ebc15facf04744fbca798e4a,results/raw/T014_iter7.pcap,44981e8e47b97541b85afe851de08328cba0e16317ca4b8a7d2a8a4ca6f13c3d,2.711287498474121,2.711287498474121,16000,0.9924231069162167,76.625,10.94,0.9895860978997688,76.625,11.86,11.94,593,593,0,4,80,0,0,ok
T014,8,G722,PCMA,transcode,2026-08-07T16:49:31.931511,audio/reference/reference_16k.wav,8bbc2ae1deb6da75302cc9769a058bcf0b9046a5ebc15facf04744fbca798e4a,results/raw/T014_iter8.pcap,0201b011a7e75238dbd2deee95de60fbf33ee538be4f329a8222c63272098a75,2.524836540222168,2.524836540222168,16000,0.9831964247535702,76.625,10.92,0.9842978216643201,76.625,11.84,11.92,592,592,0,4,80,0,0,ok
T014,9,G722,PCMA,transcode,2026-08-07T16:50:00.531527,audio/reference/reference_16k.wav,8bbc2ae1deb6da75302cc9769a058bcf0b9046a5ebc15facf04744fbca798e4a,results/raw/T014_iter9.pcap,1ff664adc670a51d6a72e6fc7de6125831612555036e03bf55ad40da9c76c781,2.532564401626587,2.532564401626587,16000,0.9855878744341888,76.625,10.94,0.9829089427305104,76.625,11.86,11.94,593,593,0,4,80,0,0,ok
T014,10,G722,PCMA,transcode,2026-08-07T16:50:27.498610,audio/reference/reference_16k.wav,8bbc2ae1deb6da75302cc9769a058bcf0b9046a5ebc15facf04744fbca798e4a,results/raw/T014_iter10.pcap,6e9c6f76e0d102a0ac4c29f2990c3ffc899e9874d338ab0d23fb38e4625af9e5,2.534043312072754,2.534043312072754,16000,0.9902502235192876,76.625,10.92,0.987364361652045,76.625,11.84,11.92,592,592,0,4,80,0,0,ok
T015,1,G722,OPUS,transcode,2026-08-07T16:50:54.958138,audio/reference/reference_16k.wav,8bbc2ae1deb6da75302cc9769a058bcf0b9046a5ebc15facf04744fbca798e4a,results/raw/T015_iter1.pcap,ef6d984874a350c8879b0b46c4d3cf995ae05b910b8ca29137f9102ee0803572,2.61435866355896,2.61435866355896,16000,0.9378227796152823,171.125,10.82,0.6691150779189468,171.125,11.74,11.82,591,587,4,4,80,0,0,ok
T015,2,G722,OPUS,transcode,2026-08-07T16:51:22.020505,audio/reference/reference_16k.wav,8bbc2ae1deb6da75302cc9769a058bcf0b9046a5ebc15facf04744fbca798e4a,results/raw/T015_iter2.pcap,e811acfac79eef7e0aafc6df3307523e818a973613ffc5177f47616ab4f5393f,2.520233154296875,2.520233154296875,16000,0.9618230451963227,151.125,10.84,0.7433131113479851,151.125,11.74,11.84,591,587,4,5,100,0,0,ok
T015,3,G722,OPUS,transcode,2026-08-07T16:51:49.101120,audio/reference/reference_16k.wav,8bbc2ae1deb6da75302cc9769a058bcf0b9046a5ebc15facf04744fbca798e4a,results/raw/T015_iter3.pcap,1173b6f4ba4fd87cd960347f961d755c3edb73d2976e84941ac2395c46d21e13,2.531925916671753,2.531925916671753,16000,0.9436652007917851,171.125,10.82,0.7190021867252735,171.125,11.74,11.82,591,587,4,4,80,0,0,ok
T015,4,G722,OPUS,transcode,2026-08-07T16:52:16.681948,audio/reference/reference_16k.wav,8bbc2ae1deb6da75302cc9769a058bcf0b9046a5ebc15facf04744fbca798e4a,results/raw/T015_iter4.pcap,a4d778a1a0776ba694a5d8a3b2801b8fd6b3b9bf7be1509995ecab8c7c51f943,2.546227216720581,2.546227216720581,16000,0.9381279952160586,171.125,10.84,0.7195064624066838,171.125,11.76,11.84,592,588,4,4,80,0,0,ok
T015,5,G722,OPUS,transcode,2026-08-07T16:52:47.693405,audio/reference/reference_16k.wav,8bbc2ae1deb6da75302cc9769a058bcf0b9046a5ebc15facf04744fbca798e4a,results/raw/T015_iter5.pcap,4f40fa1eac83ddfe2aef774f60ac0fa1487a9e43db362a25bfc91a22f2466ad1,2.531369924545288,2.531369924545288,16000,0.943417489132371,171.125,10.84,0.7161949191455663,171.125,11.76,11.84,592,588,4,4,80,0,0,ok
T015,6,G722,OPUS,transcode,2026-08-07T16:53:14.705525,audio/reference/reference_16k.wav,8bbc2ae1deb6da75302cc9769a058bcf0b9046a5ebc15facf04744fbca798e4a,results/raw/T015_iter6.pcap,3ee20c8cb2a149816848c8fa5570c6dc66c269c43e6f7071210db9a845805250,2.4931998252868652,2.4931998252868652,16000,0.9719432011141973,171.125,10.82,0.8112631684936468,171.125,11.74,11.82,591,587,4,4,80,0,0,ok
T015,7,G722,OPUS,transcode,2026-08-07T16:53:42.214758,audio/reference/reference_16k.wav,8bbc2ae1deb6da75302cc9769a058bcf0b9046a5ebc15facf04744fbca798e4a,results/raw/T015_iter7.pcap,1a5198d702571333ca6828909f9745cce4891d683c863d57d44f1c6d027d9fb1,2.7179453372955322,2.7179453372955322,16000,0.935175820208258,171.125,10.84,0.6674148215938662,171.125,11.76,11.84,592,588,4,4,80,0,0,ok
T015,8,G722,OPUS,transcode,2026-08-07T16:54:09.247852,audio/reference/reference_16k.wav,8bbc2ae1deb6da75302cc9769a058bcf0b9046a5ebc15facf04744fbca798e4a,results/raw/T015_iter8.pcap,8e852f4e7970e9793a682eb085752eef8d4f471823962f7ca3ba060372236d3b,2.6354262828826904,2.6354262828826904,16000,0.9462481992733786,171.125,10.82,0.7160076167771918,171.125,11.74,11.82,591,587,4,4,80,0,0,ok
T015,9,G722,OPUS,transcode,2026-08-07T16:54:36.281540,audio/reference/reference_16k.wav,8bbc2ae1deb6da75302cc9769a058bcf0b9046a5ebc15facf04744fbca798e4a,results/raw/T015_iter9.pcap,6f8f879fc8693e6552fe9a048b72aef601ecad0451259f792f300f5902f8563c,2.740450859069824,2.740450859069824,16000,0.973028120531881,171.125,10.84,0.8061384765091325,171.125,11.76,11.84,592,588,4,4,80,0,0,ok
T015,10,G722,OPUS,transcode,2026-08-07T16:55:03.274817,audio/reference/reference_16k.wav,8bbc2ae1deb6da75302cc9769a058bcf0b9046a5ebc15facf04744fbca798e4a,results/raw/T015_iter10.pcap,4c548ea8858011f11a56b23b3f4c6bc3fd0b751fd2bed33071eb9fa85f6d56ed,2.477630376815796,2.477630376815796,16000,0.9328460420746207,171.125,10.84,0.6639076698749707,171.125,11.76,11.84,592,588,4,4,80,0,0,ok
T016,1,G722,GSM,transcode,2026-08-07T16:55:31.303359,audio/reference/reference_16k.wav,8bbc2ae1deb6da75302cc9769a058bcf0b9046a5ebc15facf04744fbca798e4a,results/raw/T016_iter1.pcap,a8e154008ab4ba82bb0ef05f5f4688fb7e62292b5b13bcd73c1dda2d455ac273,1.9978032112121582,1.9978032112121582,16000,0.9495693840692618,76.625,10.94,0.9463128576990787,76.625,11.86,11.94,593,593,0,4,80,0,0,ok
T016,2,G722,GSM,transcode,2026-08-07T16:55:59.371567,audio/reference/reference_16k.wav,8bbc2ae1deb6da75302cc9769a058bcf0b9046a5ebc15facf04744fbca798e4a,results/raw/T016_iter2.pcap,6d7e15e9c7aa7d748b8c1f6542f9945a812fe563f8414eab369599129e079c34,2.0073206424713135,2.0073206424713135,16000,0.9479040766026463,76.625,10.94,0.9434010402095622,76.625,11.86,11.94,593,593,0,4,80,0,0,ok
T016,3,G722,GSM,transcode,2026-08-07T16:56:26.401527,audio/reference/reference_16k.wav,8bbc2ae1deb6da75302cc9769a058bcf0b9046a5ebc15facf04744fbca798e4a,results/raw/T016_iter3.pcap,da16b884fd0e2a725ee5160bdda2ef812589f1809eb3530127f8e21bd299ca05,1.960866093635559,1.960866093635559,16000,0.9474810145648961,76.625,10.94,0.9387294545312603,76.625,11.86,11.94,593,593,0,4,80,0,0,ok
T016,4,G722,GSM,transcode,2026-08-07T16:56:53.402086,audio/reference/reference_16k.wav,8bbc2ae1deb6da75302cc9769a058bcf0b9046a5ebc15facf04744fbca798e4a,results/raw/T016_iter4.pcap,c92a58318f86f6156e09432c6bf901edecdaf01a0831d82c3795de34ff348f88,2.035287857055664,2.035287857055664,16000,0.9515396276942069,76.625,10.94,0.9466563633422436,76.625,11.86,11.94,593,593,0,4,80,0,0,ok
T016,5,G722,GSM,transcode,2026-08-07T16:57:20.363943,audio/reference/reference_16k.wav,8bbc2ae1deb6da75302cc9769a058bcf0b9046a5ebc15facf04744fbca798e4a,results/raw/T016_iter5.pcap,d43ffa934517f2e1680a0600067ce99cfe7442d8087ae7829325ac91f7a636bb,1.9491856098175049,1.9491856098175049,16000,0.9428311586445062,76.625,10.92,0.9388737394501597,76.625,11.82,11.92,591,591,0,5,100,0,0,ok
T016,6,G722,GSM,transcode,2026-08-07T16:57:50.083363,audio/reference/reference_16k.wav,8bbc2ae1deb6da75302cc9769a058bcf0b9046a5ebc15facf04744fbca798e4a,results/raw/T016_iter6.pcap,0ee69f1fb7f01dcc0b7ed035eca6b48c03c6a4d0270347122d3c0afb2f7a36b7,2.0368449687957764,2.0368449687957764,16000,0.9501930251740418,76.625,10.92,0.9460261402531169,76.625,11.84,11.92,592,592,0,4,80,0,0,ok
T016,7,G722,GSM,transcode,2026-08-07T16:58:19.529414,audio/reference/reference_16k.wav,8bbc2ae1deb6da75302cc9769a058bcf0b9046a5ebc15facf04744fbca798e4a,results/raw/T016_iter7.pcap,459b6e4b7b5d76893be7f56f1bf3ff03762f28c3a5b92e4382720bc85c61dc8d,1.9482215642929077,1.9482215642929077,16000,0.9494862837098854,76.625,10.94,0.945029774354481,76.625,11.86,11.94,593,593,0,4,80,0,0,ok
T016,8,G722,GSM,transcode,2026-08-07T16:58:47.522387,audio/reference/reference_16k.wav,8bbc2ae1deb6da75302cc9769a058bcf0b9046a5ebc15facf04744fbca798e4a,results/raw/T016_iter8.pcap,2e55363fed21a547a7605c2b84f49e1e2979cd67e54f8cf097dcfc836f18d8da,2.0070180892944336,2.0070180892944336,16000,0.947482450352353,76.625,10.94,0.9433857868684321,76.625,11.86,11.94,593,593,0,4,80,0,0,ok
T016,9,G722,GSM,transcode,2026-08-07T16:59:16.668410,audio/reference/reference_16k.wav,8bbc2ae1deb6da75302cc9769a058bcf0b9046a5ebc15facf04744fbca798e4a,results/raw/T016_iter9.pcap,776c348cf4f3c30fba9500fc0c1ef410004403c72a6edf6e38d41f9a08298ba9,2.0046005249023438,2.0046005249023438,16000,0.9401099363988751,76.625,10.94,0.9431522307101858,76.625,11.86,11.94,593,593,0,4,80,0,0,ok
T016,10,G722,GSM,transcode,2026-08-07T16:59:44.306196,audio/reference/reference_16k.wav,8bbc2ae1deb6da75302cc9769a058bcf0b9046a5ebc15facf04744fbca798e4a,results/raw/T016_iter10.pcap,b2da17176a9ecc0115a4f46baae733c70f55f847c7e5ce54a319a54168ef1bfc,1.982071042060852,1.982071042060852,16000,0.9517051666209283,76.625,10.94,0.9463967600266331,76.625,11.86,11.94,593,593,0,4,80,0,0,ok
T017,1,OPUS,PCMU,transcode,2026-08-07T17:00:11.284003,audio/reference/reference_48k.wav,ab08f556596c8d10e944b9e26ef2e57a68ea939a5678e039189f66f14ce3461c,results/raw/T017_iter1.pcap,79c63a1a421e8a0a718611c02d4952bf16f487cffbaf3992863ca002294b7d8d,2.400733709335327,2.400733709335327,16000,0.8510169225456508,47.4375,10.94,0.4236316512679911,47.4375,11.78,11.94,589,589,0,8,160,0,0,ok
T017,2,OPUS,PCMU,transcode,2026-08-07T17:00:40.831436,audio/reference/reference_48k.wav,ab08f556596c8d10e944b9e26ef2e57a68ea939a5678e039189f66f14ce3461c,results/raw/T017_iter2.pcap,2b15fc9d86b5f151258d5ab1228d121f14df99d585b4f050413c7d5d51b6ae3a,2.374906539916992,2.374906539916992,16000,0.861864919011039,27.4375,10.92,0.47118042660859694,27.4375,11.8,11.92,590,590,0,6,120,0,0,ok
T017,3,OPUS,PCMU,transcode,2026-08-07T17:01:08.826691,audio/reference/reference_48k.wav,ab08f556596c8d10e944b9e26ef2e57a68ea939a5678e039189f66f14ce3461c,results/raw/T017_iter3.pcap,e9beafe823c4f51d1818433009019817d245d3860c8d8e7125439fbb8916ceb5,2.3281843662261963,2.3281843662261963,16000,0.8710939524804494,47.4375,10.96,0.525048228090179,47.4375,11.8,11.96,590,590,0,8,160,0,0,ok
T017,4,OPUS,PCMU,transcode,2026-08-07T17:01:37.060841,audio/reference/reference_48k.wav,ab08f556596c8d10e944b9e26ef2e57a68ea939a5678e039189f66f14ce3461c,results/raw/T017_iter4.pcap,c2a37cb6f5fc0c8edbca72d8829e111844567ae1ddd8a3552b596dc5a265446a,2.3261168003082275,2.3261168003082275,16000,0.862213992918694,27.4375,10.96,0.5378337814954299,27.4375,11.82,11.96,591,591,0,7,140,0,0,ok
T017,5,OPUS,PCMU,transcode,2026-08-07T17:02:06.214640,audio/reference/reference_48k.wav,ab08f556596c8d10e944b9e26ef2e57a68ea939a5678e039189f66f14ce3461c,results/raw/T017_iter5.pcap,81b9150d73ba12259f391f4b52f885873962f9262921b4131dc933b65c2e3759,2.6573216915130615,2.6573216915130615,16000,0.8826176252717702,67.4375,10.9,0.6141310130880521,67.4375,11.8,11.9,590,590,0,5,100,0,0,ok
T017,6,OPUS,PCMU,transcode,2026-08-07T17:02:33.315465,audio/reference/reference_48k.wav,ab08f556596c8d10e944b9e26ef2e57a68ea939a5678e039189f66f14ce3461c,results/raw/T017_iter6.pcap,05b01e15a6b4415e20f13c8ca5f7987620c987acdb2f9a3f1a7013579d062a7d,2.459439754486084,2.459439754486084,16000,0.8653172013886795,27.4375,10.94,0.46916580278537234,27.4375,11.82,11.94,591,591,0,6,120,0,0,ok
T017,7,OPUS,PCMU,transcode,2026-08-07T17:03:01.330707,audio/reference/reference_48k.wav,ab08f556596c8d10e944b9e26ef2e57a68ea939a5678e039189f66f14ce3461c,results/raw/T017_iter7.pcap,0cee62d8d136a7da54eab14b96e0184741981ae5809a0505def38b6e38a25d22,2.5341408252716064,2.5341408252716064,16000,0.8619123779917024,47.4375,10.96,0.48782897555685667,47.4375,11.8,11.96,590,590,0,8,160,0,0,ok
T017,8,OPUS,PCMU,transcode,2026-08-07T17:03:28.469744,audio/reference/reference_48k.wav,ab08f556596c8d10e944b9e26ef2e57a68ea939a5678e039189f66f14ce3461c,results/raw/T017_iter8.pcap,204f52181cfee1edbc69963b7adcb48c435443f8acb0d286f503502dcff51045,2.5460689067840576,2.5460689067840576,16000,0.8566371029962543,27.4375,10.96,0.48921621706968776,27.4375,11.8,11.96,590,590,0,8,160,0,0,ok
T017,9,OPUS,PCMU,transcode,2026-08-07T17:03:56.039495,audio/reference/reference_48k.wav,ab08f556596c8d10e944b9e26ef2e57a68ea939a5678e039189f66f14ce3461c,results/raw/T017_iter9.pcap,6e929e40a6e83c8f9bfb3f04192c0e743b712adeda244299622f15437fa16047,2.533540964126587,2.533540964126587,16000,0.8619607847477403,47.4375,10.96,0.4875307706935184,47.4375,11.8,11.96,590,590,0,8,160,0,0,ok
T017,10,OPUS,PCMU,transcode,2026-08-07T17:04:23.040897,audio/reference/reference_48k.wav,ab08f556596c8d10e944b9e26ef2e57a68ea939a5678e039189f66f14ce3461c,results/raw/T017_iter10.pcap,933be514d169156ce5fd3cf7873827909f3b16d24bb447871cf83afb217e9ddb,2.5893352031707764,2.5893352031707764,16000,0.8664368665158922,27.4375,10.92,0.47741949181836174,27.4375,11.8,11.92,590,590,0,6,120,0,0,ok
T018,1,OPUS,PCMA,transcode,2026-08-07T17:04:52.143377,audio/reference/reference_48k.wav,ab08f556596c8d10e944b9e26ef2e57a68ea939a5678e039189f66f14ce3461c,results/raw/T018_iter1.pcap,4c4e9ac634d082afb660d31a3319161f6b1a8ae4b11be75f420624f52a230f78,2.396186351776123,2.396186351776123,16000,0.8430692941829481,27.4375,10.94,0.3949508074619852,27.4375,11.82,11.94,591,591,0,6,120,0,0,ok
T018,2,OPUS,PCMA,transcode,2026-08-07T17:05:19.168439,audio/reference/reference_48k.wav,ab08f556596c8d10e944b9e26ef2e57a68ea939a5678e039189f66f14ce3461c,results/raw/T018_iter2.pcap,5d3ad402786155dcb0dbae55813e9b5485ebd1145a499a437103d6d0a0fed7d1,2.351917266845703,2.351917266845703,16000,0.8300573142751743,47.4375,10.96,0.3870830269746453,47.4375,11.8,11.96,590,590,0,8,160,0,0,ok
T018,3,OPUS,PCMA,transcode,2026-08-07T17:05:47.196147,audio/reference/reference_48k.wav,ab08f556596c8d10e944b9e26ef2e57a68ea939a5678e039189f66f14ce3461c,results/raw/T018_iter3.pcap,1e4e287af5c2d4408f4bc71ddd4ddc5a638debd018a4d7b9939c37d0c7e201f2,2.332507848739624,2.332507848739624,16000,0.851009624100587,27.4375,10.98,0.5006930590483541,27.4375,11.86,11.98,593,593,0,6,120,0,0,ok
T018,4,OPUS,PCMA,transcode,2026-08-07T17:06:14.213090,audio/reference/reference_48k.wav,ab08f556596c8d10e944b9e26ef2e57a68ea939a5678e039189f66f14ce3461c,results/raw/T018_iter4.pcap,a4ad8f21d5438fc6480bb7a3851055b69ee454559920fbd83d15fc14dd8ae359,2.315171003341675,2.315171003341675,16000,0.8639645952442,47.4375,10.92,0.5358256291474154,47.4375,11.76,11.92,588,588,0,8,160,0,0,ok
T018,5,OPUS,PCMA,transcode,2026-08-07T17:06:42.203531,audio/reference/reference_48k.wav,ab08f556596c8d10e944b9e26ef2e57a68ea939a5678e039189f66f14ce3461c,results/raw/T018_iter5.pcap,c49fccd9c6f305f6c44f0f8c83e50953c93b93c2059f1075952db7727cea6f30,2.1299667358398438,2.1299667358398438,16000,0.9418351282696643,47.4375,10.96,0.771558772524366,47.4375,11.8,11.96,590,590,0,8,160,0,0,ok
T018,6,OPUS,PCMA,transcode,2026-08-07T17:07:09.212528,audio/reference/reference_48k.wav,ab08f556596c8d10e944b9e26ef2e57a68ea939a5678e039189f66f14ce3461c,results/raw/T018_iter6.pcap,e7ec9e124cadda4b914e31dba7add80e0d83d6b89a2f2c12e27ab1ccdf9e595b,2.394793748855591,2.394793748855591,16000,0.8663318806984892,7.4375,10.96,0.4692365793314074,7.4375,11.86,11.96,593,593,0,5,100,0,0,ok
T018,7,OPUS,PCMA,transcode,2026-08-07T17:07:36.239999,audio/reference/reference_48k.wav,ab08f556596c8d10e944b9e26ef2e57a68ea939a5678e039189f66f14ce3461c,results/raw/T018_iter7.pcap,76b8306dcc8241b4428010044dff7787cceb06962a660355e13a85b9265f5150,2.6278648376464844,2.6278648376464844,16000,0.8660488395237552,27.4375,10.94,0.46816650757257894,27.4375,11.82,11.94,591,591,0,6,120,0,0,ok
T018,8,OPUS,PCMA,transcode,2026-08-07T17:08:03.247532,audio/reference/reference_48k.wav,ab08f556596c8d10e944b9e26ef2e57a68ea939a5678e039189f66f14ce3461c,results/raw/T018_iter8.pcap,aed4eaf9de78fe72dc397ef25e18e9f362139bac03fc8cb5076fbfe7a1900d6f,2.316589593887329,2.316589593887329,16000,0.8640261845477613,47.4375,10.92,0.5360619875158307,47.4375,11.76,11.92,588,588,0,8,160,0,0,ok
T018,9,OPUS,PCMA,transcode,2026-08-07T17:08:33.753767,audio/reference/reference_48k.wav,ab08f556596c8d10e944b9e26ef2e57a68ea939a5678e039189f66f14ce3461c,results/raw/T018_iter9.pcap,bd53cc829d9382107d61821b1c892717728f81943a1933f0232b9e7b384534c8,2.39955735206604,2.39955735206604,16000,0.8364038693093802,47.4375,10.94,0.40476642014671327,47.4375,11.82,11.94,591,591,0,6,120,0,0,ok
T018,10,OPUS,PCMA,transcode,2026-08-07T17:09:00.792190,audio/reference/reference_48k.wav,ab08f556596c8d10e944b9e26ef2e57a68ea939a5678e039189f66f14ce3461c,results/raw/T018_iter10.pcap,55945811fb3e8c55449013174461a55bd649bb2f8ec06a3eac8eab76538cf73d,2.46468448638916,2.46468448638916,16000,0.8384162749056486,27.4375,10.94,0.3897664542140504,27.4375,11.82,11.94,591,591,0,6,120,0,0,ok
T019,1,OPUS,G722,transcode,2026-08-07T17:09:39.854229,audio/reference/reference_48k.wav,ab08f556596c8d10e944b9e26ef2e57a68ea939a5678e039189f66f14ce3461c,results/raw/T019_iter1.pcap,3e80e40164c455ff0bf13c738ec67a1d4bcebbb97e0a3d2027f2b936fcecac7f,2.6779935359954834,2.6779935359954834,16000,0.8421946860712705,7.0625,10.96,0.3623412614105178,7.0625,11.84,11.96,592,592,0,6,120,0,0,ok
T019,2,OPUS,G722,transcode,2026-08-07T17:10:06.888656,audio/reference/reference_48k.wav,ab08f556596c8d10e944b9e26ef2e57a68ea939a5678e039189f66f14ce3461c,results/raw/T019_iter2.pcap,b67d22cd2c10166546f1cbd12ab92d6fe89d7aa71a30424125f187c025dd346d,2.5099127292633057,2.5099127292633057,16000,0.8572937654897343,47.0625,10.96,0.4381813130965067,47.0625,11.84,11.96,592,592,0,6,120,0,0,ok
T019,3,OPUS,G722,transcode,2026-08-07T17:10:33.909377,audio/reference/reference_48k.wav,ab08f556596c8d10e944b9e26ef2e57a68ea939a5678e039189f66f14ce3461c,results/raw/T019_iter3.pcap,0cb88873b97a3bd61d494d4ca98bf0e0cf6c97ccac6e3f29f0046cb661a5709d,2.431544542312622,2.431544542312622,16000,0.8468952321868134,27.0625,10.98,0.43570382234644583,27.0625,11.82,11.98,591,591,0,8,160,0,0,ok
T019,4,OPUS,G722,transcode,2026-08-07T17:11:00.943852,audio/reference/reference_48k.wav,ab08f556596c8d10e944b9e26ef2e57a68ea939a5678e039189f66f14ce3461c,results/raw/T019_iter4.pcap,4fc03ab044b40f96afff16990c31ba0ad0c4e47c8971e7a79b8b90296bceb658,2.506298542022705,2.506298542022705,16000,0.8633242642377807,-12.9375,10.9470625,0.47180671176084765,-12.9375,11.84,11.96,592,592,0,6,120,0,0,ok
T019,5,OPUS,G722,transcode,2026-08-07T17:11:28.919712,audio/reference/reference_48k.wav,ab08f556596c8d10e944b9e26ef2e57a68ea939a5678e039189f66f14ce3461c,results/raw/T019_iter5.pcap,093b05d3fa5d05f51d4bebb79b44ee45633c7264a322dfa5f710d2f6f73607f9,2.9666085243225098,2.9666085243225098,16000,0.8574606388918873,27.0625,10.94,0.4042733298803602,27.0625,11.82,11.94,591,591,0,6,120,0,0,ok
T019,6,OPUS,G722,transcode,2026-08-07T17:11:55.937177,audio/reference/reference_48k.wav,ab08f556596c8d10e944b9e26ef2e57a68ea939a5678e039189f66f14ce3461c,results/raw/T019_iter6.pcap,907b0f5c35ec2bab8b5f8cf00da5f344207fdaef5ae1ddd57b3ca8c465df5a47,2.7341318130493164,2.7341318130493164,16000,0.8700756013679005,27.0625,10.94,0.4835621334354422,27.0625,11.82,11.94,591,591,0,6,120,0,0,ok
T019,7,OPUS,G722,transcode,2026-08-07T17:12:22.948834,audio/reference/reference_48k.wav,ab08f556596c8d10e944b9e26ef2e57a68ea939a5678e039189f66f14ce3461c,results/raw/T019_iter7.pcap,83bed3b3d6bcfcec1c1f4f2a892bf70d375dec524120cf3480870e6cdf8ee5cf,2.6843488216400146,2.6843488216400146,16000,0.8452479018552178,7.0625,10.96,0.4170940625974031,7.0625,11.8,11.96,590,590,0,8,160,0,0,ok
T019,8,OPUS,G722,transcode,2026-08-07T17:12:50.445800,audio/reference/reference_48k.wav,ab08f556596c8d10e944b9e26ef2e57a68ea939a5678e039189f66f14ce3461c,results/raw/T019_iter8.pcap,ed1cd622dcb2bbd99300cbb7fb1b6d1b1620e0df69f06853ee8a54bd0154ee58,2.9868152141571045,2.9868152141571045,16000,0.8679416821907792,27.0625,10.92,0.4733124703084201,27.0625,11.8,11.92,590,590,0,6,120,0,0,ok
T019,9,OPUS,G722,transcode,2026-08-07T17:13:17.943964,audio/reference/reference_48k.wav,ab08f556596c8d10e944b9e26ef2e57a68ea939a5678e039189f66f14ce3461c,results/raw/T019_iter9.pcap,2de0c4dd32d8aa797aebae51752b0b8f895534e1a3762f9d0bb36d87c2e5c318,2.9788339138031006,2.9788339138031006,16000,0.8671649391639433,27.0625,10.94,0.4678634004210089,27.0625,11.82,11.94,591,591,0,6,120,0,0,ok
T019,10,OPUS,G722,transcode,2026-08-07T17:46:25.988989,audio/reference/reference_48k.wav,ab08f556596c8d10e944b9e26ef2e57a68ea939a5678e039189f66f14ce3461c,results/raw/T019_iter10.pcap,0bb67034d1276b475b98c956dacb97a14c752ddcaa7136a54d398abbe1b6e768,2.7262232303619385,2.7262232303619385,16000,0.8414989101118868,7.0625,10.94,0.36380147228001564,7.0625,11.82,11.94,591,591,0,6,120,0,0,ok
T020,1,OPUS,GSM,transcode,2026-08-07T17:14:26.124296,audio/reference/reference_48k.wav,ab08f556596c8d10e944b9e26ef2e57a68ea939a5678e039189f66f14ce3461c,results/raw/T020_iter1.pcap,9313992a1cf93ac18a5334bdc230e5f9aade2d886ee473b3f7d078fca7f8b812,2.064164638519287,2.064164638519287,16000,0.8427986861481301,27.4375,10.92,0.4530258518262691,27.4375,11.8,11.92,590,590,0,6,120,0,0,ok
T020,2,OPUS,GSM,transcode,2026-08-07T17:14:54.275443,audio/reference/reference_48k.wav,ab08f556596c8d10e944b9e26ef2e57a68ea939a5678e039189f66f14ce3461c,results/raw/T020_iter2.pcap,23a63eb9af468a9d1aeefb5ca0802fcf8bc32945579d1e5ca4948c3fbf3eab55,1.8935010433197021,1.8935010433197021,16000,0.8293767939188073,47.4375,10.96,0.4237330294916359,47.4375,11.84,11.96,592,592,0,6,120,0,0,ok
T020,3,OPUS,GSM,transcode,2026-08-07T17:15:21.415154,audio/reference/reference_48k.wav,ab08f556596c8d10e944b9e26ef2e57a68ea939a5678e039189f66f14ce3461c,results/raw/T020_iter3.pcap,d9582d56cff9232363e5a62692f1279b45ec5fc025e57519641ec6473e3295b5,2.040868043899536,2.040868043899536,16000,0.8499234458696949,27.4375,10.94,0.49453416879936285,27.4375,11.82,11.94,591,591,0,6,120,0,0,ok
T020,4,OPUS,GSM,transcode,2026-08-07T17:15:51.107304,audio/reference/reference_48k.wav,ab08f556596c8d10e944b9e26ef2e57a68ea939a5678e039189f66f14ce3461c,results/raw/T020_iter4.pcap,6dc885e9857dcb72e130cff4c85c078c152237311aa6d733c9b5eaf643affd40,1.8533787727355957,1.8533787727355957,16000,0.8288394787542358,47.4375,10.94,0.4262134887630085,47.4375,11.82,11.94,591,591,0,6,120,0,0,ok
T020,5,OPUS,GSM,transcode,2026-08-07T17:16:23.079972,audio/reference/reference_48k.wav,ab08f556596c8d10e944b9e26ef2e57a68ea939a5678e039189f66f14ce3461c,results/raw/T020_iter5.pcap,506d99ca85dd7b5dbf6c5bc7e4d074c2fa0ef031c3c0ef07fbbeee73f1c819f7,1.9537272453308105,1.9537272453308105,16000,0.8307163771360101,47.4375,10.96,0.4680693938166892,47.4375,11.8,11.96,590,590,0,8,160,0,0,ok
T020,6,OPUS,GSM,transcode,2026-08-07T17:16:50.073426,audio/reference/reference_48k.wav,ab08f556596c8d10e944b9e26ef2e57a68ea939a5678e039189f66f14ce3461c,results/raw/T020_iter6.pcap,a511eeab372166117dea03406317bb9c4543ec00230436e8f57d2d617e2c5d13,2.0295369625091553,2.0295369625091553,16000,0.8457826681941639,7.4375,10.94,0.4099142679057689,7.4375,11.82,11.94,591,591,0,6,120,0,0,ok
T020,7,OPUS,GSM,transcode,2026-08-07T17:17:18.089540,audio/reference/reference_48k.wav,ab08f556596c8d10e944b9e26ef2e57a68ea939a5678e039189f66f14ce3461c,results/raw/T020_iter7.pcap,29a7b3bd0472452071694082cadbe35e96a3c56d7ca8348e96181f86048d03b1,1.749786376953125,1.749786376953125,16000,0.872207780912149,47.4375,10.96,0.6090495575596983,47.4375,11.8,11.96,590,590,0,8,160,0,0,ok
T020,8,OPUS,GSM,transcode,2026-08-07T17:17:45.096558,audio/reference/reference_48k.wav,ab08f556596c8d10e944b9e26ef2e57a68ea939a5678e039189f66f14ce3461c,results/raw/T020_iter8.pcap,f5a778625acd489f2902137c186ca9ccdaf00fd4188ac0dab53bfa8bd875d0bf,1.9637165069580078,1.9637165069580078,16000,0.8522441753470557,7.4375,10.96,0.49810632979166236,7.4375,11.84,11.96,592,592,0,6,120,0,0,ok
T020,9,OPUS,GSM,transcode,2026-08-07T17:18:12.104764,audio/reference/reference_48k.wav,ab08f556596c8d10e944b9e26ef2e57a68ea939a5678e039189f66f14ce3461c,results/raw/T020_iter9.pcap,ac49e191db4a6ca20a32fea5c681541a1d8219bb33324eb1f9a9b4d8feff81ed,2.0157134532928467,2.0157134532928467,16000,0.8427256784353406,-32.5625,10.9474375,0.4159806822976842,-32.5625,11.82,11.98,591,591,0,8,160,0,0,ok
T020,10,OPUS,GSM,transcode,2026-08-07T17:18:39.601984,audio/reference/reference_48k.wav,ab08f556596c8d10e944b9e26ef2e57a68ea939a5678e039189f66f14ce3461c,results/raw/T020_iter10.pcap,a02d336d977ccdc4b7d1fc83de8eb15f22a37f37e699793685c507232de7b368,1.9838964939117432,1.9838964939117432,16000,0.8233122840637908,27.4375,10.92,0.35273731665623964,27.4375,11.8,11.92,590,590,0,6,120,0,0,ok
T021,1,GSM,PCMU,transcode,2026-08-07T17:19:09.613795,audio/reference/reference_8k.wav,2c60b1209ddd58179c52d2135c796d1ec062a25e2520bb08ca90e6dc04cbb717,results/raw/T021_iter1.pcap,2f3ecde8cc92b18c4a8ebff51af2d10a22b36bff4c3abb570581572e91b7fe37,2.3427562713623047,2.528640031814575,8000,0.9506176152071495,71.75,10.92,0.9542586375708451,71.75,11.86,11.92,593,593,0,3,60,0,0,ok
T021,2,GSM,PCMU,transcode,2026-08-07T17:47:16.569129,audio/reference/reference_8k.wav,2c60b1209ddd58179c52d2135c796d1ec062a25e2520bb08ca90e6dc04cbb717,results/raw/T021_iter2.pcap,deeb3745d6cac413c71d2a93a7a40ad34019042d166337144c743a3e4e15d6e9,2.1847290992736816,2.4259822368621826,8000,0.9404890396158632,71.75,10.92,0.9363941054704447,71.75,11.86,11.92,593,593,0,3,60,0,0,ok
T021,3,GSM,PCMU,transcode,2026-08-07T17:20:00.666071,audio/reference/reference_8k.wav,2c60b1209ddd58179c52d2135c796d1ec062a25e2520bb08ca90e6dc04cbb717,results/raw/T021_iter3.pcap,09173f1ad176ac8e191aa65865082430337207e130dbbff464085bc98fa6cf3b,2.348933696746826,2.527942657470703,8000,0.951559632267832,71.75,10.82,0.9543716215717818,71.75,11.76,11.82,588,588,0,3,60,0,0,ok
T021,4,GSM,PCMU,transcode,2026-08-07T17:20:30.577129,audio/reference/reference_8k.wav,2c60b1209ddd58179c52d2135c796d1ec062a25e2520bb08ca90e6dc04cbb717,results/raw/T021_iter4.pcap,5ba4aaf21b8fccce92d4b6b621e755d02d1ef7ca3f4019524a8f338d91b51992,2.3533616065979004,2.542966604232788,8000,0.9500066094761388,71.75,10.8,0.9546057756730795,71.75,11.74,11.8,587,587,0,3,60,0,0,ok
T021,5,GSM,PCMU,transcode,2026-08-07T17:21:01.604401,audio/reference/reference_8k.wav,2c60b1209ddd58179c52d2135c796d1ec062a25e2520bb08ca90e6dc04cbb717,results/raw/T021_iter5.pcap,d2b212e6333f08a32e92756f89e1ced7042faea2e1b5d2d5809e30146f1ff91d,2.3412747383117676,2.5218863487243652,8000,0.9509669476020771,71.75,10.92,0.9544668100653196,71.75,11.86,11.92,593,593,0,3,60,0,0,ok
T021,6,GSM,PCMU,transcode,2026-08-07T17:21:28.652244,audio/reference/reference_8k.wav,2c60b1209ddd58179c52d2135c796d1ec062a25e2520bb08ca90e6dc04cbb717,results/raw/T021_iter6.pcap,c8248f3dbf098373ec22964cf9278b5625deb2850d418c3849681b49a8d8a2ae,2.366786003112793,2.5448050498962402,8000,0.951399991922371,71.75,10.92,0.9547406256566825,71.75,11.86,11.92,593,593,0,3,60,0,0,ok
T021,7,GSM,PCMU,transcode,2026-08-07T17:21:55.705512,audio/reference/reference_8k.wav,2c60b1209ddd58179c52d2135c796d1ec062a25e2520bb08ca90e6dc04cbb717,results/raw/T021_iter7.pcap,82365ec74eba8b874b70230c6c114162ed6fdb108e55394412eb7b0f70aae562,2.251145124435425,2.484018564224243,8000,0.9464595588954092,71.75,10.9,0.9502794494441867,71.75,11.84,11.9,592,592,0,3,60,0,0,ok
T021,8,GSM,PCMU,transcode,2026-08-07T17:22:24.168526,audio/reference/reference_8k.wav,2c60b1209ddd58179c52d2135c796d1ec062a25e2520bb08ca90e6dc04cbb717,results/raw/T021_iter8.pcap,03b3f346d32b7842333930d81f24024106950a3a7e00d3b3b714c457c3aa91e5,2.2491493225097656,2.493417978286743,8000,0.9471932944512833,71.75,10.92,0.950853602990126,71.75,11.86,11.92,593,593,0,3,60,0,0,ok
T021,9,GSM,PCMU,transcode,2026-08-07T17:22:51.142424,audio/reference/reference_8k.wav,2c60b1209ddd58179c52d2135c796d1ec062a25e2520bb08ca90e6dc04cbb717,results/raw/T021_iter9.pcap,b7d9feea6126edb897f5fb931e3c9b02cb88ed767f07b8f2c600482ab7054749,2.254512310028076,2.4786934852600098,8000,0.9435286468674794,71.75,10.92,0.9480911636842448,71.75,11.86,11.92,593,593,0,3,60,0,0,ok
T021,10,GSM,PCMU,transcode,2026-08-07T17:23:19.129520,audio/reference/reference_8k.wav,2c60b1209ddd58179c52d2135c796d1ec062a25e2520bb08ca90e6dc04cbb717,results/raw/T021_iter10.pcap,36ed7370ae5dd6ba2dc967c2077025c7127abe46f08ee5f0187b783b7702e3e6,2.1904683113098145,2.4367713928222656,8000,0.9425192184327714,71.75,10.9,0.9390547172243936,71.75,11.84,11.9,592,592,0,3,60,0,0,ok
T022,1,GSM,G722,transcode,2026-08-07T17:23:48.624532,audio/reference/reference_8k.wav,2c60b1209ddd58179c52d2135c796d1ec062a25e2520bb08ca90e6dc04cbb717,results/raw/T022_iter1.pcap,c9a295c6feb47d30d884dc3e574fea93178c92f76ec46d687754782e0ac800f5,2.0698647499084473,2.3198540210723877,8000,0.9445913335944998,68.375,10.9,0.9439171870539066,68.375,11.8,11.9,590,590,0,5,100,0,0,ok
T022,2,GSM,G722,transcode,2026-08-07T17:24:16.654478,audio/reference/reference_8k.wav,2c60b1209ddd58179c52d2135c796d1ec062a25e2520bb08ca90e6dc04cbb717,results/raw/T022_iter2.pcap,6f9f2595236aad0478d0b4208c8b081fdc0335b88b65593e70d938c40ae7f078,2.1859302520751953,2.475313663482666,8000,0.9448797217466921,68.375,10.92,0.9445578533943615,68.375,11.82,11.92,591,591,0,5,100,0,0,ok
T022,3,GSM,G722,transcode,2026-08-07T17:24:45.608566,audio/reference/reference_8k.wav,2c60b1209ddd58179c52d2135c796d1ec062a25e2520bb08ca90e6dc04cbb717,results/raw/T022_iter3.pcap,dedaee229854d2616c7fde7d03b23290ac99c01b9a8cff8039b4a10e0f8783f2,2.1564059257507324,2.472363233566284,8000,0.9484224568369578,68.375,10.92,0.9541620326026773,68.375,11.82,11.92,591,591,0,5,100,0,0,ok
T022,4,GSM,G722,transcode,2026-08-07T17:25:12.546229,audio/reference/reference_8k.wav,2c60b1209ddd58179c52d2135c796d1ec062a25e2520bb08ca90e6dc04cbb717,results/raw/T022_iter4.pcap,ae6ec404d76f5d8da98526d46b01c94798bc720bc0b204e9906d6ee472a1588c,2.193089246749878,2.4753434658050537,8000,0.9442887100874212,68.375,10.9,0.9468845458300492,68.375,11.8,11.9,590,590,0,5,100,0,0,ok
T022,5,GSM,G722,transcode,2026-08-07T17:25:40.018449,audio/reference/reference_8k.wav,2c60b1209ddd58179c52d2135c796d1ec062a25e2520bb08ca90e6dc04cbb717,results/raw/T022_iter5.pcap,e9f1b896369b66d1f55465d7a9ca8168ef2327408db15f0ccbb29938145e0966,2.1669812202453613,2.4595859050750732,8000,0.9402081932013181,68.375,10.9,0.9421005503405293,68.375,11.8,11.9,590,590,0,5,100,0,0,ok
T022,6,GSM,G722,transcode,2026-08-07T17:26:07.985079,audio/reference/reference_8k.wav,2c60b1209ddd58179c52d2135c796d1ec062a25e2520bb08ca90e6dc04cbb717,results/raw/T022_iter6.pcap,5808004a9e00199f6a19c266dd05078713b497c177e307ec02473d0825b241cf,2.1217620372772217,2.3919174671173096,8000,0.9419820761832024,68.375,10.9,0.9366998344867535,68.375,11.8,11.9,590,590,0,5,100,0,0,ok
T022,7,GSM,G722,transcode,2026-08-07T17:26:35.452210,audio/reference/reference_8k.wav,2c60b1209ddd58179c52d2135c796d1ec062a25e2520bb08ca90e6dc04cbb717,results/raw/T022_iter7.pcap,c2310447db8ec922270f7d3646602174255db1f6590473276ae964d1f8f9abcd,2.1580796241760254,2.479674816131592,8000,0.9482507034249712,68.375,10.92,0.9539197080230433,68.375,11.82,11.92,591,591,0,5,100,0,0,ok
T022,8,GSM,G722,transcode,2026-08-07T17:27:02.423369,audio/reference/reference_8k.wav,2c60b1209ddd58179c52d2135c796d1ec062a25e2520bb08ca90e6dc04cbb717,results/raw/T022_iter8.pcap,5ad455095558d17511ac57d3540e963ea6bdb51186e491b3e665af8e6a63bc07,2.268662929534912,2.5229623317718506,8000,0.9507178268446401,68.375,10.92,0.9555692326000168,68.375,11.82,11.92,591,591,0,5,100,0,0,ok
T022,9,GSM,G722,transcode,2026-08-07T17:27:29.365830,audio/reference/reference_8k.wav,2c60b1209ddd58179c52d2135c796d1ec062a25e2520bb08ca90e6dc04cbb717,results/raw/T022_iter9.pcap,401eaa3d981b52833506b99b6682450d1c050e47190a1466f4435bda6e2cfa66,2.1413681507110596,2.4384665489196777,8000,0.9456865229881501,68.375,10.9,0.9443091474246119,68.375,11.8,11.9,590,590,0,5,100,0,0,ok
T022,10,GSM,G722,transcode,2026-08-07T17:28:02.309699,audio/reference/reference_8k.wav,2c60b1209ddd58179c52d2135c796d1ec062a25e2520bb08ca90e6dc04cbb717,results/raw/T022_iter10.pcap,77bd788b32e57454f9b955ff559404901701c09b474c6b936a2c676b5f0a881f,2.1585512161254883,2.4626657962799072,8000,0.9407737694305881,68.375,10.88,0.9415933268100584,68.375,11.78,11.88,589,589,0,5,100,0,0,ok
T023,1,GSM,OPUS,transcode,2026-08-07T17:28:35.258920,audio/reference/reference_8k.wav,2c60b1209ddd58179c52d2135c796d1ec062a25e2520bb08ca90e6dc04cbb717,results/raw/T023_iter1.pcap,7797387ffe92029623dce6ed8c008ea7ddab4448a0e675d0a613da31be65fd84,2.096318244934082,2.378943920135498,8000,0.8427720659347305,143.3125,10.82,0.4388146981902959,143.25,11.74,11.82,591,587,4,4,80,0,0,ok
T023,2,GSM,OPUS,transcode,2026-08-07T17:29:02.297008,audio/reference/reference_8k.wav,2c60b1209ddd58179c52d2135c796d1ec062a25e2520bb08ca90e6dc04cbb717,results/raw/T023_iter2.pcap,9c753e7b236476fb264edfb22a9d2661e8d96510f7046b499a631ee639a4c83d,2.359135389328003,2.5671133995056152,8000,0.8444759286882378,143.3125,10.82,0.4529027893651095,143.25,11.74,11.82,591,587,4,4,80,0,0,ok
T023,3,GSM,OPUS,transcode,2026-08-07T17:29:29.337536,audio/reference/reference_8k.wav,2c60b1209ddd58179c52d2135c796d1ec062a25e2520bb08ca90e6dc04cbb717,results/raw/T023_iter3.pcap,de01476c989677bf97f37db0858c4e0d7a37b2d94ab6c8895a891e7409c73fb0,2.1739845275878906,2.430299758911133,8000,0.9355909623472455,143.25,10.82,0.8346548992384207,143.25,11.72,11.82,590,586,4,5,100,0,0,ok
T023,4,GSM,OPUS,transcode,2026-08-07T17:29:57.336973,audio/reference/reference_8k.wav,2c60b1209ddd58179c52d2135c796d1ec062a25e2520bb08ca90e6dc04cbb717,results/raw/T023_iter4.pcap,6b17d51180f57b6cd3589bc162bfc0a9c3d71f66117a03956b595247c40315b2,2.2408390045166016,2.4466593265533447,8000,0.8474420482044768,143.3125,10.82,0.4546072404611086,143.25,11.74,11.82,591,587,4,4,80,0,0,ok
T023,5,GSM,OPUS,transcode,2026-08-07T17:30:25.477720,audio/reference/reference_8k.wav,2c60b1209ddd58179c52d2135c796d1ec062a25e2520bb08ca90e6dc04cbb717,results/raw/T023_iter5.pcap,30ddb12b228f84a1c7dfb4c2cf643f9674c23c49a247042534bcbb59bfe4b4c3,2.0958404541015625,2.2923951148986816,8000,0.8172122612115045,143.3125,10.82,0.34545158574021156,143.25,11.74,11.82,591,587,4,4,80,0,0,ok
T023,6,GSM,OPUS,transcode,2026-08-07T17:31:04.564093,audio/reference/reference_8k.wav,2c60b1209ddd58179c52d2135c796d1ec062a25e2520bb08ca90e6dc04cbb717,results/raw/T023_iter6.pcap,0a43527b4e3de6a3d1d7ad27886b1c128420216caa3255a87d5c8c1d7efbb3ba,2.159999370574951,2.322237253189087,8000,0.8193184666967738,143.25,10.82,0.3358040007829501,143.25,11.74,11.82,591,587,4,4,80,0,0,ok
T023,7,GSM,OPUS,transcode,2026-08-07T17:31:33.649358,audio/reference/reference_8k.wav,2c60b1209ddd58179c52d2135c796d1ec062a25e2520bb08ca90e6dc04cbb717,results/raw/T023_iter7.pcap,136d7f6b86b8d8dedc9738a2eefe8c38040cbee58421507eee4e1fc510edaa4e,2.232173442840576,2.4292871952056885,8000,0.8250061540645541,143.25,10.8,0.3853124146999377,143.25,11.72,11.8,590,586,4,4,80,0,0,ok
T023,8,GSM,OPUS,transcode,2026-08-07T17:32:05.185783,audio/reference/reference_8k.wav,2c60b1209ddd58179c52d2135c796d1ec062a25e2520bb08ca90e6dc04cbb717,results/raw/T023_iter8.pcap,3504de37221d8a7251d36297e0ea2e0d64e03cc494cb61e1b8d728da6ab17f36,2.2289576530456543,2.4852335453033447,8000,0.8356635487437678,143.3125,10.82,0.3893131287024419,143.25,11.74,11.82,591,587,4,4,80,0,0,ok
T023,9,GSM,OPUS,transcode,2026-08-07T17:33:57.331959,audio/reference/reference_8k.wav,2c60b1209ddd58179c52d2135c796d1ec062a25e2520bb08ca90e6dc04cbb717,results/raw/T023_iter9.pcap,fba32c2b73594a887ea70b9f8f2619dd6ef31aef9bd251db1642217532ae5df0,2.3439314365386963,2.5482425689697266,8000,0.8472206654157068,143.3125,10.82,0.4512161128824535,143.25,11.74,11.82,591,587,4,4,80,0,0,ok
T023,10,GSM,OPUS,transcode,2026-08-07T17:34:24.845385,audio/reference/reference_8k.wav,2c60b1209ddd58179c52d2135c796d1ec062a25e2520bb08ca90e6dc04cbb717,results/raw/T023_iter10.pcap,4cc2e129c793bd4ce2e2f32993a723afe9c2b5551b4991823eefd5291920a70a,2.186417579650879,2.482816457748413,8000,0.8466544990926224,143.3125,10.82,0.4500552608603289,143.25,11.74,11.82,591,587,4,4,80,0,0,ok
T024,1,PCMA,PCMU,transcode,2026-08-28T15:09:58.108845,audio/reference/reference_8k.wav,2c60b1209ddd58179c52d2135c796d1ec062a25e2520bb08ca90e6dc04cbb717,results/raw/T024_iter1.pcap,17199143f0cc0065a7ea80eaf1a311178f170a6d4dc67c30bbe2a1d52776f62c,3.5433120727539062,3.6282830238342285,8000,0.9918119203325292,71.75,10.92,0.9969796815035439,71.75,11.86,11.92,593,593,0,3,60,0,0,ok
T024,2,PCMA,PCMU,transcode,2026-08-28T15:10:32.733262,audio/reference/reference_8k.wav,2c60b1209ddd58179c52d2135c796d1ec062a25e2520bb08ca90e6dc04cbb717,results/raw/T024_iter2.pcap,489c0fa9636a43b829bdca9cfb1aaa00a08c12f86a4738ea5940551926fddce1,3.590756416320801,3.644439697265625,8000,0.9921268482235118,71.75,10.9,0.9975544492530347,71.75,11.84,11.9,592,592,0,3,60,0,0,ok
T024,3,PCMA,PCMU,transcode,2026-08-28T15:11:00.819275,audio/reference/reference_8k.wav,2c60b1209ddd58179c52d2135c796d1ec062a25e2520bb08ca90e6dc04cbb717,results/raw/T024_iter3.pcap,5c045052d75978c31313444168af43601c5d44161779bbe2fe9fa3d2be83013b,3.3585598468780518,3.547088384628296,8000,0.9891024985127784,71.75,10.92,0.9957878336263811,71.75,11.84,11.92,592,592,0,4,80,0,0,ok
T024,4,PCMA,PCMU,transcode,2026-08-28T15:11:29.826256,audio/reference/reference_8k.wav,2c60b1209ddd58179c52d2135c796d1ec062a25e2520bb08ca90e6dc04cbb717,results/raw/T024_iter4.pcap,b015c7987a959b78b9b5d9e8a0141e2de4a98f9e7aa661195ee0cbc6ab546393,3.3804147243499756,3.5074827671051025,8000,0.9878784878277218,71.75,10.92,0.9927604190691312,71.75,11.86,11.92,593,593,0,3,60,0,0,ok
T024,5,PCMA,PCMU,transcode,2026-08-28T15:12:00.932234,audio/reference/reference_8k.wav,2c60b1209ddd58179c52d2135c796d1ec062a25e2520bb08ca90e6dc04cbb717,results/raw/T024_iter5.pcap,45c6f7f827a6965628cee7d123c3c57dd44d192e4192d447ea109c1ba98c47ff,3.384894609451294,3.540020704269409,8000,0.9920434448937141,71.75,10.9,0.9967866914036569,71.75,11.84,11.9,592,592,0,3,60,0,0,ok
T024,6,PCMA,PCMU,transcode,2026-08-28T15:12:28.681254,audio/reference/reference_8k.wav,2c60b1209ddd58179c52d2135c796d1ec062a25e2520bb08ca90e6dc04cbb717,results/raw/T024_iter6.pcap,d17b09d85aba65d89067b9d4a32d4209c011e0d333905d0b4a658ceb226c90b7,3.3862478733062744,3.540511131286621,8000,0.9921132409918164,71.75,10.9,0.9967870811128661,71.75,11.84,11.9,592,592,0,3,60,0,0,ok
T024,7,PCMA,PCMU,transcode,2026-08-28T15:12:56.313326,audio/reference/reference_8k.wav,2c60b1209ddd58179c52d2135c796d1ec062a25e2520bb08ca90e6dc04cbb717,results/raw/T024_iter7.pcap,a347a877c1f832b1ac8155c6f8640cdd3b29877043a36e4117867b1a091618bf,3.3922131061553955,3.56467866897583,8000,0.9865841096260308,71.75,10.92,0.9941315020376911,71.75,11.84,11.92,592,592,0,4,80,0,0,ok
T024,8,PCMA,PCMU,transcode,2026-08-28T15:13:29.171391,audio/reference/reference_8k.wav,2c60b1209ddd58179c52d2135c796d1ec062a25e2520bb08ca90e6dc04cbb717,results/raw/T024_iter8.pcap,00c0678f13180eb6ea22d7cd22e0cd0d0102ef1120d33104cfe25d8e0c1a5a0c,3.588789939880371,3.676924228668213,8000,0.9939435871733132,71.75,10.94,0.997871198917926,71.75,11.86,11.94,593,593,0,4,80,0,0,ok
T024,9,PCMA,PCMU,transcode,2026-08-28T15:13:58.271261,audio/reference/reference_8k.wav,2c60b1209ddd58179c52d2135c796d1ec062a25e2520bb08ca90e6dc04cbb717,results/raw/T024_iter9.pcap,1c2a141ec274393e0a1e66797373a3d33fb413dd51a8e2c3c52868d8e860a946,3.250098466873169,3.437628746032715,8000,0.9883928499241957,71.75,10.9,0.9949353043039022,71.75,11.84,11.9,592,592,0,3,60,0,0,ok
T024,10,PCMA,PCMU,transcode,2026-08-28T15:14:29.921353,audio/reference/reference_8k.wav,2c60b1209ddd58179c52d2135c796d1ec062a25e2520bb08ca90e6dc04cbb717,results/raw/T024_iter10.pcap,733a769f25895047cdf37e8c2c6036fc61ad425abab7c983e413da177f3fd9c9,3.261715888977051,3.4284989833831787,8000,0.9880437184128588,71.75,10.92,0.9956852663388294,71.75,11.84,11.92,592,592,0,4,80,0,0,ok
T025,1,GSM,PCMA,transcode,2026-08-28T15:15:11.216414,audio/reference/reference_8k.wav,2c60b1209ddd58179c52d2135c796d1ec062a25e2520bb08ca90e6dc04cbb717,results/raw/T025_iter1.pcap,cf59974f7c75caa19b74477fb65035ecbb9711933a731cce74afd14a3d929336,2.318354606628418,2.5118865966796875,8000,0.9482761956018926,31.75,10.94,0.9530914458775529,31.75,11.88,11.94,594,594,0,3,60,0,0,ok
T025,2,GSM,PCMA,transcode,2026-08-28T15:15:49.275326,audio/reference/reference_8k.wav,2c60b1209ddd58179c52d2135c796d1ec062a25e2520bb08ca90e6dc04cbb717,results/raw/T025_iter2.pcap,d50c229dc9e9aadf802d2849077b65dbf62d54bfebb5679a26668d960df64077,2.3271126747131348,2.512030601501465,8000,0.9506580697470589,71.75,10.92,0.9545976008954784,71.75,11.86,11.92,593,593,0,3,60,0,0,ok
T025,3,GSM,PCMA,transcode,2026-08-28T15:16:17.329252,audio/reference/reference_8k.wav,2c60b1209ddd58179c52d2135c796d1ec062a25e2520bb08ca90e6dc04cbb717,results/raw/T025_iter3.pcap,9be6505895edbeb989e5f13d2baf9f008c51264fdba87f0e73203309b9fe93c2,2.106257915496826,2.3774783611297607,8000,0.945318160972759,71.75,10.92,0.9515392316963094,71.75,11.84,11.92,592,592,0,4,80,0,0,ok
T025,4,GSM,PCMA,transcode,2026-08-28T15:16:46.587226,audio/reference/reference_8k.wav,2c60b1209ddd58179c52d2135c796d1ec062a25e2520bb08ca90e6dc04cbb717,results/raw/T025_iter4.pcap,59de0c6a1fabfb757543456213c7a73d590c7beda6ff25b1744e1c45315f69e7,2.328512191772461,2.5196616649627686,8000,0.9499587186277557,71.75,10.9,0.954247023017449,71.75,11.84,11.9,592,592,0,3,60,0,0,ok
T025,5,GSM,PCMA,transcode,2026-08-28T15:17:19.655155,audio/reference/reference_8k.wav,2c60b1209ddd58179c52d2135c796d1ec062a25e2520bb08ca90e6dc04cbb717,results/raw/T025_iter5.pcap,f510a1554e2f828469e0774e58e8f999c30a7001eacc8aab44c370bc0342f92c,2.0649313926696777,2.2742929458618164,8000,0.936589039479339,71.75,10.92,0.9373720531813844,71.75,11.82,11.92,591,591,0,5,100,0,0,ok
T025,6,GSM,PCMA,transcode,2026-08-28T15:17:47.163260,audio/reference/reference_8k.wav,2c60b1209ddd58179c52d2135c796d1ec062a25e2520bb08ca90e6dc04cbb717,results/raw/T025_iter6.pcap,4b013442be9f20685d489368290a28e08bcb8ddb20f962d9d6e68ecbe13edf14,2.358092784881592,2.5465779304504395,8000,0.9513818413590368,31.75,10.94,0.9542268245653366,31.75,11.86,11.94,593,593,0,4,80,0,0,ok
T025,7,GSM,PCMA,transcode,2026-08-28T15:18:19.766339,audio/reference/reference_8k.wav,2c60b1209ddd58179c52d2135c796d1ec062a25e2520bb08ca90e6dc04cbb717,results/raw/T025_iter7.pcap,88431a42f293a88edf68b4af42929647f2cd9dbc385c363a570e8067d0fe089b,2.1694982051849365,2.4161572456359863,8000,0.9409239574812167,71.75,10.92,0.943846729742764,71.75,11.86,11.92,593,593,0,3,60,0,0,ok
T025,8,GSM,PCMA,transcode,2026-08-28T15:18:47.141090,audio/reference/reference_8k.wav,2c60b1209ddd58179c52d2135c796d1ec062a25e2520bb08ca90e6dc04cbb717,results/raw/T025_iter8.pcap,7d0b2e15b1ef108566660e53da6ca1a47194aeab3e74fdfc1d21418fbb1e8ce5,2.2880771160125732,2.490658760070801,8000,0.9480689145164658,31.75,10.94,0.9537451226089639,31.75,11.86,11.94,593,593,0,4,80,0,0,ok
T025,9,GSM,PCMA,transcode,2026-08-28T15:19:15.132405,audio/reference/reference_8k.wav,2c60b1209ddd58179c52d2135c796d1ec062a25e2520bb08ca90e6dc04cbb717,results/raw/T025_iter9.pcap,7102fb9c86c121525c240465e157383080d9668a4a2dd0eef30d6eeff2402e35,2.301118850708008,2.4991304874420166,8000,0.9463473114517243,71.75,10.92,0.9353853711468184,71.75,11.86,11.92,593,593,0,3,60,0,0,ok
T025,10,GSM,PCMA,transcode,2026-08-28T15:19:47.405224,audio/reference/reference_8k.wav,2c60b1209ddd58179c52d2135c796d1ec062a25e2520bb08ca90e6dc04cbb717,results/raw/T025_iter10.pcap,83fdd3ae9d7e1a3536b3fc3e232755bbeca9bfee338aec350a4d0943aa3c2e7d,2.2888967990875244,2.4857280254364014,8000,0.9470030010915023,71.75,10.9,0.9526728925170344,71.75,11.84,11.9,592,592,0,3,60,0,0,ok
