test_id,codec_a,codec_b,scenario_type,n_successful,native_pesq_mode,a_leg_to_b_leg_pesq_mean,pesq_wb_16k_mean,pesq_wb_16k_std,pesq_wb_16k_min,pesq_wb_16k_max,pesq_native_mode_mean,pesq_native_mode_std,pesq_native_mode_min,pesq_native_mode_max,stoi_16k_mean,stoi_16k_std,stoi_16k_min,stoi_16k_max,waveform_correlation_mean,waveform_correlation_std,waveform_correlation_min,waveform_correlation_max,inserted_timeline_frames_mean,inserted_timeline_frames_std,inserted_timeline_frames_min,inserted_timeline_frames_max,alignment_delay_ms_mean,alignment_delay_ms_std,alignment_delay_ms_min,alignment_delay_ms_max,additional_degradation_vs_source_control_wb,additional_degradation_vs_source_control_native
T001,PCMU,PCMU,passthrough,10,nb,4.412,3.688,0.171,3.304,3.835,3.832,0.13,3.514,3.935,0.9936,0.0026,0.9895,0.9961,0.9966,0.002,0.9915,0.998,3.1,0.32,3.0,4.0,71.75,0.0,71.75,71.75,0.0,0.0
T002,PCMA,PCMA,passthrough,10,nb,4.311,3.708,0.187,3.393,3.944,3.831,0.162,3.561,3.992,0.993,0.0029,0.9894,0.9961,0.9963,0.0021,0.9927,0.998,3.1,0.32,3.0,4.0,71.75,0.0,71.75,71.75,0.0,0.0
T003,G722,G722,passthrough,10,wb,4.401,2.868,0.081,2.747,2.957,2.868,0.081,2.747,2.957,0.994,0.0022,0.9901,0.9962,0.9971,0.0022,0.9927,0.9988,2.0,0.0,2.0,2.0,78.62,0.0,78.62,78.62,0.0,0.0
T004,OPUS,OPUS,passthrough,10,wb,3.792,3.294,0.182,3.002,3.649,3.294,0.182,3.002,3.649,0.9877,0.003,0.9832,0.9935,0.9514,0.004,0.9446,0.9572,6.0,0.47,5.0,7.0,151.38,14.76,129.38,169.38,0.0,0.0
T005,GSM,GSM,passthrough,10,nb,4.296,2.294,0.074,2.168,2.395,2.53,0.051,2.424,2.592,0.9483,0.0029,0.9422,0.9528,0.9502,0.004,0.9427,0.9545,3.1,0.32,3.0,4.0,71.75,0.0,71.75,71.75,0.0,0.0
T006,PCMU,PCMA,transcode,10,nb,4.202,3.396,0.149,3.144,3.651,3.565,0.118,3.307,3.709,0.9907,0.0027,0.9868,0.9941,0.9964,0.0013,0.9946,0.9978,3.0,0.0,3.0,3.0,71.75,0.0,71.75,71.75,0.292,0.267
T007,PCMU,G722,transcode,10,nb,3.081,3.035,0.138,2.839,3.269,3.466,0.158,3.136,3.667,0.9904,0.0025,0.9862,0.9942,0.9948,0.0024,0.9897,0.9972,4.8,0.63,3.0,5.0,72.38,12.65,68.38,108.38,0.653,0.366
T008,PCMU,OPUS,transcode,10,nb,3.821,3.242,0.275,2.851,3.694,3.504,0.176,3.303,3.803,0.9232,0.0545,0.8634,0.9843,0.705,0.1685,0.4717,0.9289,4.7,0.48,4.0,5.0,145.25,6.32,143.25,163.25,0.446,0.328
T009,PCMU,GSM,transcode,10,nb,2.492,2.254,0.078,2.13,2.358,2.456,0.065,2.339,2.525,0.9458,0.003,0.9412,0.9496,0.9517,0.0026,0.9462,0.9543,3.3,0.67,3.0,5.0,67.75,12.65,31.75,71.75,1.434,1.376
T010,PCMA,G722,transcode,10,nb,2.999,2.919,0.107,2.786,3.103,3.413,0.136,3.187,3.584,0.989,0.0031,0.9834,0.9932,0.9947,0.0026,0.9896,0.9972,4.9,0.74,3.0,6.0,72.38,12.65,68.38,108.38,0.789,0.418
T011,PCMA,OPUS,transcode,10,nb,3.874,3.408,0.187,2.988,3.643,3.582,0.187,3.312,3.82,0.887,0.043,0.8385,0.9785,0.5801,0.1755,0.3736,0.94,4.5,0.71,4.0,6.0,143.25,9.43,123.25,163.25,0.3,0.249
T012,PCMA,GSM,transcode,10,nb,2.548,2.31,0.047,2.243,2.382,2.515,0.032,2.459,2.563,0.9477,0.0023,0.9455,0.9515,0.953,0.0016,0.9495,0.9554,3.3,0.48,3.0,4.0,71.75,0.0,71.75,71.75,1.398,1.316
T013,G722,PCMU,transcode,10,wb,3.504,2.572,0.056,2.494,2.638,2.572,0.056,2.494,2.638,0.9894,0.0024,0.986,0.9925,0.9862,0.004,0.9795,0.9896,4.0,0.0,4.0,4.0,76.62,0.0,76.62,76.62,0.296,0.296
T014,G722,PCMA,transcode,10,wb,3.468,2.594,0.074,2.499,2.711,2.594,0.074,2.499,2.711,0.9885,0.0036,0.9831,0.9924,0.9866,0.0032,0.9819,0.9896,4.0,0.0,4.0,4.0,76.62,0.0,76.62,76.62,0.274,0.274
T015,G722,OPUS,transcode,10,wb,3.932,2.581,0.092,2.478,2.74,2.581,0.092,2.478,2.74,0.9484,0.015,0.9328,0.973,0.7232,0.0524,0.6639,0.8113,4.1,0.32,4.0,5.0,169.12,6.32,151.12,171.12,0.287,0.287
T016,G722,GSM,transcode,10,wb,2.246,1.993,0.032,1.948,2.037,1.993,0.032,1.948,2.037,0.9478,0.0037,0.9401,0.9517,0.9438,0.003,0.9387,0.9467,4.1,0.32,4.0,5.0,76.62,0.0,76.62,76.62,0.875,0.875
T017,OPUS,PCMU,transcode,10,wb,3.286,2.475,0.114,2.326,2.657,2.475,0.114,2.326,2.657,0.8641,0.0085,0.851,0.8826,0.4983,0.0512,0.4236,0.6141,7.0,1.15,5.0,8.0,39.44,13.98,27.44,67.44,0.819,0.819
T018,OPUS,PCMA,transcode,10,wb,3.009,2.373,0.126,2.13,2.628,2.373,0.126,2.13,2.628,0.8601,0.0318,0.8301,0.9418,0.4858,0.1161,0.3871,0.7716,6.7,1.16,5.0,8.0,35.44,13.98,7.44,47.44,0.921,0.921
T019,OPUS,G722,transcode,10,wb,3.327,2.72,0.204,2.432,2.987,2.72,0.204,2.432,2.987,0.8559,0.0112,0.8415,0.8701,0.4318,0.0444,0.3623,0.4836,6.4,0.84,6.0,8.0,19.06,16.87,-12.94,47.06,0.574,0.574
T020,OPUS,GSM,transcode,10,wb,2.298,1.955,0.098,1.75,2.064,1.955,0.098,1.75,2.064,0.8418,0.0145,0.8233,0.8722,0.4551,0.0692,0.3527,0.609,6.6,0.97,6.0,8.0,25.44,25.73,-32.56,47.44,1.339,1.339
T021,GSM,PCMU,transcode,10,nb,4.279,2.288,0.07,2.185,2.367,2.499,0.042,2.426,2.545,0.9475,0.0041,0.9405,0.9516,0.9497,0.0067,0.9364,0.9547,3.0,0.0,3.0,3.0,71.75,0.0,71.75,71.75,0.006,0.031
T022,GSM,G722,transcode,10,nb,3.448,2.162,0.051,2.07,2.269,2.45,0.056,2.32,2.523,0.945,0.0034,0.9402,0.9507,0.9464,0.0062,0.9367,0.9556,5.0,0.0,5.0,5.0,68.38,0.0,68.38,68.38,0.132,0.08
T023,GSM,OPUS,transcode,10,nb,3.842,2.212,0.09,2.096,2.359,2.438,0.089,2.292,2.567,0.8461,0.0336,0.8172,0.9356,0.4538,0.1413,0.3358,0.8347,4.1,0.32,4.0,5.0,143.29,0.03,143.25,143.31,0.082,0.092
T024,PCMA,PCMU,transcode,10,nb,4.191,3.414,0.122,3.25,3.591,3.552,0.082,3.428,3.677,0.9902,0.0025,0.9866,0.9939,0.9959,0.0016,0.9928,0.9979,3.4,0.52,3.0,4.0,71.75,0.0,71.75,71.75,0.294,0.279
T025,GSM,PCMA,transcode,10,nb,4.172,2.255,0.103,2.065,2.358,2.463,0.083,2.274,2.547,0.9465,0.0046,0.9366,0.9514,0.9491,0.0074,0.9354,0.9546,3.5,0.71,3.0,5.0,59.75,19.32,31.75,71.75,0.039,0.067
