test_id,iteration,codec_a,codec_b,scenario_type,pesq_wb_16k,alignment_delay_ms,aligned_duration_s,waveform_correlation,reference_low_80_300_share_pct,reference_telephone_300_3400_share_pct,reference_wide_3400_7000_share_pct,reference_upper_7000_7900_share_pct,reference_spectral_centroid_hz,reference_spectral_rolloff_95_hz,reference_rms_dbfs,final_low_80_300_share_pct,final_telephone_300_3400_share_pct,final_wide_3400_7000_share_pct,final_upper_7000_7900_share_pct,final_spectral_centroid_hz,final_spectral_rolloff_95_hz,final_rms_dbfs
T001,1,PCMU,PCMU,passthrough,3.8348262310028076,71.75,10.92,0.9979501330015562,13.608593777800372,83.23505196874122,1.2825654844830177,1.2046728507606689e-05,763.5131905301088,2562.5,-21.539252026873463,13.721599484431119,83.88818002685419,0.5072499228090441,1.2147995529173169e-05,740.0160262243628,2484.375,-21.56751811353567
T001,2,PCMU,PCMU,passthrough,3.5930254459381104,71.75,10.92,0.9957423990421845,13.608593777800372,83.23505196874122,1.2825654844830177,1.2046728507606689e-05,763.5131905301088,2562.5,-21.539252026873463,13.725898925054482,83.89716890001006,0.5077302090165222,1.2151716657362156e-05,739.4672094249827,2484.375,-21.58671071463719
T001,3,PCMU,PCMU,passthrough,3.835207939147949,71.75,10.92,0.9979501333277773,13.608593777800372,83.23505196874122,1.2825654844830177,1.2046728507606689e-05,763.5131905301088,2562.5,-21.539252026873463,13.721599315381473,83.88818012550746,0.507249918769523,1.2147995574527758e-05,740.0160264437382,2484.375,-21.567518124346567
T001,4,PCMU,PCMU,passthrough,3.7024683952331543,71.75,10.92,0.9970364320007215,13.608593777800372,83.23505196874122,1.2825654844830177,1.2046728507606689e-05,763.5131905301088,2562.5,-21.539252026873463,13.693448443643975,83.9466329925017,0.5079042658905378,1.2150156206426096e-05,740.3412831090712,2484.375,-21.575472950232392
T001,5,PCMU,PCMU,passthrough,3.6025516986846924,71.75,10.92,0.996357587988714,13.608593777800372,83.23505196874122,1.2825654844830177,1.2046728507606689e-05,763.5131905301088,2562.5,-21.539252026873463,13.727680539879367,83.87551090408704,0.5098396920138408,1.2140356018651228e-05,739.7238846933408,2484.375,-21.58145552060531
T001,6,PCMU,PCMU,passthrough,3.834700345993042,71.75,10.9,0.9979529181743845,13.608593777800372,83.23505196874122,1.2825654844830177,1.2046728507606689e-05,763.5131905301088,2562.5,-21.548067004538684,13.721599515059106,83.88817996356171,0.5072499284753192,1.2147995520150064e-05,740.0160254642268,2484.375,-21.576380908427662
T001,7,PCMU,PCMU,passthrough,3.3042819499969482,71.75,10.9,0.9957465497851157,13.608593777800372,83.23505196874122,1.2825654844830177,1.2046728507606689e-05,763.5131905301088,2562.5,-21.548067004538684,13.729378782673702,83.87724535573828,0.5073241740998565,1.2169409010394621e-05,739.5847814331199,2484.375,-21.595646629788078
T001,8,PCMU,PCMU,passthrough,3.58952260017395,71.75,10.92,0.9914626380699973,13.608593777800372,83.23505196874122,1.2825654844830177,1.2046728507606689e-05,763.5131905301088,2562.5,-21.539252026873463,13.876298381178263,83.69896416846919,0.512597600413212,1.2102692867372555e-05,738.0884613046909,2492.1875,-21.624735858552544
T001,9,PCMU,PCMU,passthrough,3.751145839691162,71.75,10.9,0.997610651843043,13.608593777800372,83.23505196874122,1.2825654844830177,1.2046728507606689e-05,763.5131905301088,2562.5,-21.548067004538684,13.711038383191234,83.90637446482909,0.5074910829416459,1.2147083078795587e-05,740.1705143067253,2484.375,-21.57937605769056
T001,10,PCMU,PCMU,passthrough,3.835207939147949,71.75,10.92,0.9979501333277773,13.608593777800372,83.23505196874122,1.2825654844830177,1.2046728507606689e-05,763.5131905301088,2562.5,-21.539252026873463,13.721599315381473,83.88818012550746,0.507249918769523,1.2147995574527758e-05,740.0160264437382,2484.375,-21.567518124346567
T002,1,PCMA,PCMA,passthrough,3.5497069358825684,71.75,10.92,0.9927446169025446,13.608593777800372,83.23505196874122,1.2825654844830177,1.2046728507606689e-05,763.5131905301088,2562.5,-21.539252026873463,13.820955549160104,83.77555492103416,0.5094999548722164,1.2069225178095492e-05,741.9060633860672,2484.375,-21.614206688743977
T002,2,PCMA,PCMA,passthrough,3.9434797763824463,71.75,10.9,0.9979644703333785,13.608593777800372,83.23505196874122,1.2825654844830177,1.2046728507606689e-05,763.5131905301088,2562.5,-21.548067004538684,13.724454871100269,83.88467666271873,0.5095758013469359,1.2143424500216203e-05,740.2093687123189,2484.375,-21.577433108699147
T002,3,PCMA,PCMA,passthrough,3.80290150642395,71.75,10.92,0.9978415107647981,13.608593777800372,83.23505196874122,1.2825654844830177,1.2046728507606689e-05,763.5131905301088,2562.5,-21.539252026873463,13.712079506650745,83.90019411368114,0.5096612717886283,1.2144789620276819e-05,740.3011574430311,2484.375,-21.569675930014295
T002,4,PCMA,PCMA,passthrough,3.5490288734436035,71.75,10.9,0.9927278600419008,13.608593777800372,83.23505196874122,1.2825654844830177,1.2046728507606689e-05,763.5131905301088,2562.5,-21.548067004538684,13.820945269776347,83.77552720363549,0.5095374113223978,1.2069205951984581e-05,741.9098084424097,2484.375,-21.6231680724692
T002,5,PCMA,PCMA,passthrough,3.943552255630493,71.75,10.92,0.9979611377741262,13.608593777800372,83.23505196874122,1.2825654844830177,1.2046728507606689e-05,763.5131905301088,2562.5,-21.539252026873463,13.724250245247896,83.8848453174197,0.5096163612618823,1.2143428554183211e-05,740.2129505004928,2484.375,-21.568646445325584
T002,6,PCMA,PCMA,passthrough,3.8511829376220703,71.75,10.92,0.9978696473673331,13.608593777800372,83.23505196874122,1.2825654844830177,1.2046728507606689e-05,763.5131905301088,2562.5,-21.539252026873463,13.726400160877972,83.88341550725494,0.5085199413477078,1.2145362466742442e-05,739.9077372165005,2484.375,-21.56939457967084
T002,7,PCMA,PCMA,passthrough,3.7986228466033936,71.75,10.94,0.9978426601414949,13.608593777800372,83.23505196874122,1.2825654844830177,1.2046728507606689e-05,763.5131905301088,2562.5,-21.54313891045824,13.712157673166544,83.89997254235314,0.5096928422429249,1.2144835932128998e-05,740.3038362650628,2484.375,-21.573495909577876
T002,8,PCMA,PCMA,passthrough,3.5851519107818604,71.75,10.92,0.9959215757572926,13.608593777800372,83.23505196874122,1.2825654844830177,1.2046728507606689e-05,763.5131905301088,2562.5,-21.539252026873463,13.695779057219989,83.9260275622129,0.5103859432169755,1.2153771126356299e-05,739.7982027470661,2484.375,-21.586469247239172
T002,9,PCMA,PCMA,passthrough,3.6624395847320557,71.75,10.92,0.9966100575187186,13.608593777800372,83.23505196874122,1.2825654844830177,1.2046728507606689e-05,763.5131905301088,2562.5,-21.539252026873463,13.728236005233287,83.87791487730384,0.5106615515964231,1.2140273631691347e-05,740.2953082368483,2484.375,-21.580371842484137
T002,10,PCMA,PCMA,passthrough,3.392730236053467,71.75,10.92,0.9957636279981836,13.608593777800372,83.23505196874122,1.2825654844830177,1.2046728507606689e-05,763.5131905301088,2562.5,-21.539252026873463,13.732294639343058,83.87370356837648,0.5097168508359899,1.2164890131006453e-05,739.7711594742033,2484.375,-21.587672393336806
T003,1,G722,G722,passthrough,2.807360887527466,78.625,10.94,0.9949922379809162,13.320897258823072,81.88340893378022,2.8518507509277655,0.10764189405858406,835.6577213810993,2750.0,-21.475501257761938,13.590055005661617,81.70176675744901,2.6494268811726562,0.10192990902459836,819.6173233950994,2695.3125,-27.443436448167237
T003,2,G722,G722,passthrough,2.808993339538574,78.625,10.92,0.9974371470842316,13.320897258823072,81.88340893378022,2.8518507509277655,0.10764189405858406,835.6577213810993,2750.0,-21.470740121625486,13.22382312481713,82.16979633876899,2.7092749356209853,0.10234484504974664,833.3231075562425,2710.9375,-27.531652505332985
T003,3,G722,G722,passthrough,2.8924076557159424,78.625,10.94,0.9984824917312026,13.320897258823072,81.88340893378022,2.8518507509277655,0.10764189405858406,835.6577213810993,2750.0,-21.475501257761938,13.33573708133165,82.0864547577683,2.6363428688537565,0.1028650721727588,825.1602523096839,2695.3125,-27.50201687448896
T003,4,G722,G722,passthrough,2.9567906856536865,78.625,10.94,0.9986026068806624,13.320897258823072,81.88340893378022,2.8518507509277655,0.10764189405858406,835.6577213810993,2750.0,-21.475501257761938,13.3265240256879,82.05745492180651,2.6754474026159074,0.1036183766637152,827.9372795061107,2703.125,-27.498200201431622
T003,5,G722,G722,passthrough,2.7619526386260986,78.625,10.92,0.9946749702057135,13.320897258823072,81.88340893378022,2.8518507509277655,0.10764189405858406,835.6577213810993,2750.0,-21.470740121625486,13.370204788784617,82.02081535155396,2.6865820484407914,0.10521438934011829,828.9206236328317,2703.125,-27.518025601406116
T003,6,G722,G722,passthrough,2.7469489574432373,78.625,10.94,0.9927298049095749,13.320897258823072,81.88340893378022,2.8518507509277655,0.10764189405858406,835.6577213810993,2750.0,-21.475501257761938,13.370493787979623,81.95891667472885,2.7211646654759574,0.10289906233753351,834.2948160592476,2710.9375,-27.576436356556776
T003,7,G722,G722,passthrough,2.952178478240967,78.625,10.94,0.9986982806353832,13.320897258823072,81.88340893378022,2.8518507509277655,0.10764189405858406,835.6577213810993,2750.0,-21.475501257761938,13.333510252241553,82.03487710746869,2.687827895396093,0.1069872602854908,829.1674324811393,2703.125,-27.50439386581608
T003,8,G722,G722,passthrough,2.876671075820923,78.625,10.94,0.9985024510140237,13.320897258823072,81.88340893378022,2.8518507509277655,0.10764189405858406,835.6577213810993,2750.0,-21.475501257761938,13.315241881706005,82.06330007424384,2.676685838883944,0.10403888740445287,827.5875049576096,2703.125,-27.486261971078406
T003,9,G722,G722,passthrough,2.920630693435669,78.625,10.94,0.9984218882379573,13.320897258823072,81.88340893378022,2.8518507509277655,0.10764189405858406,835.6577213810993,2750.0,-21.475501257761938,13.335577120984635,82.1271576677132,2.6019721831498503,0.09791356444750421,823.646827410695,2695.3125,-27.499613135480097
T003,10,G722,G722,passthrough,2.956981658935547,78.625,10.94,0.9987968679631348,13.320897258823072,81.88340893378022,2.8518507509277655,0.10764189405858406,835.6577213810993,2750.0,-21.475501257761938,13.334742330831855,82.04008587199311,2.684414812646349,0.10494812673466904,828.0566692725274,2703.125,-27.494859098909608
T004,1,OPUS,OPUS,passthrough,3.1387131214141846,169.375,10.82,0.9504612826904115,13.218105452191645,81.97767072679497,2.8479259225111875,0.12136221561861832,839.0054592605254,2765.625,-21.465105388718733,13.173300328040348,82.70436642810137,2.2480929095466147,0.0029151217920009667,797.6185823395248,2625.0,-21.741416243013177
T004,2,OPUS,OPUS,passthrough,3.337963104248047,149.375,10.84,0.9544663753466068,13.251844193751989,81.91200166133606,2.8659632605664402,0.12722298925785339,837.08876010864,2757.8125,-21.467131392625937,13.1898654315206,82.66852533502141,2.271112251349658,0.0027273555067302557,794.8292386002742,2617.1875,-21.70261760108792
T004,3,OPUS,OPUS,passthrough,3.1182897090911865,149.375,10.82,0.9481643508433718,13.251844193751989,81.91200166133606,2.8659632605664402,0.12722298925785339,837.08876010864,2757.8125,-21.475276373884057,13.234595201582215,82.64910909550603,2.2593032864529894,0.0030019293137601914,796.8488372631209,2609.375,-21.743312663047426
T004,4,OPUS,OPUS,passthrough,3.3351266384124756,149.375,10.84,0.9547425756949538,13.251844193751989,81.91200166133606,2.8659632605664402,0.12722298925785339,837.08876010864,2757.8125,-21.467131392625937,13.143698615575197,82.67807563611879,2.284555934976518,0.0027230723016588346,799.7317276618619,2617.1875,-21.746607243968846
T004,5,OPUS,OPUS,passthrough,3.425187349319458,129.375,10.86,0.9572473391959405,13.44938604400612,81.71130093917351,2.8547977415349917,0.12526540962336735,838.4519877025326,2765.625,-21.45478163115008,13.384264827862806,82.4798952491788,2.2394545726741173,0.003025509290820542,795.8713842780477,2617.1875,-21.68131160197219
T004,6,OPUS,OPUS,passthrough,3.372191905975342,149.375,10.84,0.9515094416751246,13.251844193751989,81.91200166133606,2.8659632605664402,0.12722298925785339,837.08876010864,2757.8125,-21.467131392625937,13.151002331553574,82.77087965797098,2.283679738464941,0.0027888098379316847,797.8382994191221,2617.1875,-21.738868143650127
T004,7,OPUS,OPUS,passthrough,3.23236083984375,169.375,10.82,0.9550720109251998,13.218105452191645,81.97767072679497,2.8479259225111875,0.12136221561861832,839.0054592605254,2765.625,-21.465105388718733,13.14688951031375,82.73659264455121,2.2650709124741897,0.002732289611650957,798.3388581844132,2625.0,-21.702741396783086
T004,8,OPUS,OPUS,passthrough,3.3256893157958984,169.375,10.82,0.9446103247438088,13.218105452191645,81.97767072679497,2.8479259225111875,0.12136221561861832,839.0054592605254,2765.625,-21.465105388718733,13.35243088350353,82.49272758057131,2.2801157642039356,0.0029719576280449874,803.5362702877643,2625.0,-21.757162718346503
T004,9,OPUS,OPUS,passthrough,3.0017213821411133,149.375,10.84,0.9494391592245055,13.251844193751989,81.91200166133606,2.8659632605664402,0.12722298925785339,837.08876010864,2757.8125,-21.467131392625937,13.20667410563008,82.67454014596636,2.2323870294175068,0.0032342451228497206,791.1693491166038,2609.375,-21.731662775070397
T004,10,OPUS,OPUS,passthrough,3.648695707321167,129.375,10.84,0.9478221549355638,13.44938604400612,81.71130093917351,2.8547977415349917,0.12526540962336735,838.4519877025326,2765.625,-21.462865667745803,13.3807545654748,82.45290825502093,2.2524010472798013,0.0026541001867204685,796.8579222497415,2617.1875,-21.761590014516795
T005,1,GSM,GSM,passthrough,2.3651235103607178,71.75,10.9,0.9539456116579095,13.608593777800372,83.23505196874122,1.2825654844830177,1.2046728507606689e-05,763.5131905301088,2562.5,-21.548067004538684,14.90003942094766,83.01956503983023,0.13193758140482884,1.318589546708123e-05,613.5360842690363,1687.5,-22.123384308610795
T005,2,GSM,GSM,passthrough,2.2181193828582764,71.75,10.9,0.9492116182590261,13.608593777800372,83.23505196874122,1.2825654844830177,1.2046728507606689e-05,763.5131905301088,2562.5,-21.548067004538684,14.880815473663347,83.01156787790691,0.14241565579078336,1.3151698526694119e-05,613.9208943900195,1695.3125,-22.141669610440818
T005,3,GSM,GSM,passthrough,2.3948073387145996,71.75,10.92,0.9541986590255817,13.608593777800372,83.23505196874122,1.2825654844830177,1.2046728507606689e-05,763.5131905301088,2562.5,-21.539252026873463,14.951047628814646,82.94754103169493,0.13057739768644325,1.3150618664200999e-05,613.2541818085895,1695.3125,-22.12851586932651
T005,4,GSM,GSM,passthrough,2.2528700828552246,71.75,10.9,0.9454589299294203,13.608593777800372,83.23505196874122,1.2825654844830177,1.2046728507606689e-05,763.5131905301088,2562.5,-21.548067004538684,15.116505493564944,82.75441640334572,0.13781750183697408,1.315542594860298e-05,610.1545005758243,1726.5625,-22.227102561444525
T005,5,GSM,GSM,passthrough,2.167698621749878,71.75,10.92,0.9512017609591564,13.608593777800372,83.23505196874122,1.2825654844830177,1.2046728507606689e-05,763.5131905301088,2562.5,-21.539252026873463,14.834265957872464,83.07887636139331,0.12662971038469167,1.3152043558302719e-05,618.9205986986658,1726.5625,-22.128269844758993
T005,6,GSM,GSM,passthrough,2.3859729766845703,71.75,10.94,0.9545499212728394,13.608593777800372,83.23505196874122,1.2825654844830177,1.2046728507606689e-05,763.5131905301088,2562.5,-21.54313891045824,14.94737774816131,82.93825432513967,0.1317813278365758,1.3210370291195137e-05,612.2034427876366,1687.5,-22.117533322908507
T005,7,GSM,GSM,passthrough,2.3204329013824463,71.75,10.92,0.9524625428188137,13.608593777800372,83.23505196874122,1.2825654844830177,1.2046728507606689e-05,763.5131905301088,2562.5,-21.539252026873463,14.917210479249984,82.98509341395538,0.13355419536055485,1.3148330854399508e-05,616.9757485050153,1710.9375,-22.123620237202005
T005,8,GSM,GSM,passthrough,2.28629207611084,71.75,10.9,0.9507459369012414,13.608593777800372,83.23505196874122,1.2825654844830177,1.2046728507606689e-05,763.5131905301088,2562.5,-21.548067004538684,14.923956344893456,83.05547445107138,0.13294968783024616,1.3166105464768072e-05,614.5882480489674,1687.5,-22.155779270885517
T005,9,GSM,GSM,passthrough,2.263356924057007,71.75,10.92,0.9426993135042471,13.608593777800372,83.23505196874122,1.2825654844830177,1.2046728507606689e-05,763.5131905301088,2562.5,-21.539252026873463,14.946280489059257,82.9167820975889,0.14119155111906803,1.3199626448540574e-05,614.106385387145,1710.9375,-22.13082931553544
T005,10,GSM,GSM,passthrough,2.2882461547851562,71.75,10.9,0.9470522427182002,13.608593777800372,83.23505196874122,1.2825654844830177,1.2046728507606689e-05,763.5131905301088,2562.5,-21.548067004538684,15.034013867818054,82.82114087838465,0.13875745006900092,1.3106234196115578e-05,612.7582797863685,1695.3125,-22.198865802049312
T006,1,PCMU,PCMA,transcode,3.3317668437957764,71.75,10.92,0.9974342783574479,13.608593777800372,83.23505196874122,1.2825654844830177,1.2046728507606689e-05,763.5131905301088,2562.5,-21.539252026873463,13.684820303826637,83.9324514913795,0.5032559965060972,1.214075272895982e-05,739.6261716329064,2476.5625,-21.561174860257942
T006,2,PCMU,PCMA,transcode,3.235337972640991,71.75,10.9,0.994865510479283,13.608593777800372,83.23505196874122,1.2825654844830177,1.2046728507606689e-05,763.5131905301088,2562.5,-21.548067004538684,13.724080296201077,83.8750843583954,0.503647036409249,1.2076771448089604e-05,741.0784427593522,2476.5625,-21.592374304551317
T006,3,PCMU,PCMA,transcode,3.5805323123931885,71.75,10.9,0.9978048694906204,13.608593777800372,83.23505196874122,1.2825654844830177,1.2046728507606689e-05,763.5131905301088,2562.5,-21.548067004538684,13.71814154509394,83.89850066915251,0.5025991920676927,1.2139612661301088e-05,739.2482045549696,2476.5625,-21.56677752372166
T006,4,PCMU,PCMA,transcode,3.369785785675049,71.75,10.92,0.9950706883707828,13.608593777800372,83.23505196874122,1.2825654844830177,1.2046728507606689e-05,763.5131905301088,2562.5,-21.539252026873463,13.778257160383962,83.82368372097473,0.5058450349616186,1.2130806229720826e-05,738.2123143163709,2484.375,-21.582114857279848
T006,5,PCMU,PCMA,transcode,3.40478777885437,71.75,10.9,0.9964721274421373,13.608593777800372,83.23505196874122,1.2825654844830177,1.2046728507606689e-05,763.5131905301088,2562.5,-21.548067004538684,13.722067494152542,83.89117176746342,0.5040539621869573,1.2136234472410214e-05,739.3848330315176,2476.5625,-21.57840177214641
T006,6,PCMU,PCMA,transcode,3.404756546020508,71.75,10.9,0.9964719547066222,13.608593777800372,83.23505196874122,1.2825654844830177,1.2046728507606689e-05,763.5131905301088,2562.5,-21.548067004538684,13.722863581777414,83.89042973145332,0.5040253546939201,1.213648580715497e-05,739.3662533111855,2476.5625,-21.578387774871736
T006,7,PCMU,PCMA,transcode,3.651013135910034,71.75,10.92,0.9978246897414734,13.608593777800372,83.23505196874122,1.2825654844830177,1.2046728507606689e-05,763.5131905301088,2562.5,-21.539252026873463,13.717770301914625,83.89847326717725,0.5029596959823617,1.2139099677603596e-05,739.325938621718,2476.5625,-21.55779991309921
T006,8,PCMU,PCMA,transcode,3.475862979888916,71.75,10.92,0.9974659026187311,13.608593777800372,83.23505196874122,1.2825654844830177,1.2046728507606689e-05,763.5131905301088,2562.5,-21.539252026873463,13.713595748979873,83.90128751207459,0.5032367682923738,1.2136268070883593e-05,739.5091930230867,2476.5625,-21.560847768972373
T006,9,PCMU,PCMA,transcode,3.1443681716918945,71.75,10.9,0.9956215039437679,13.608593777800372,83.23505196874122,1.2825654844830177,1.2046728507606689e-05,763.5131905301088,2562.5,-21.548067004538684,13.725734875096851,83.88736409251865,0.503021664488719,1.216049356868491e-05,738.8921693594375,2476.5625,-21.585856218819476
T006,10,PCMU,PCMA,transcode,3.3569419384002686,71.75,10.9,0.9946050985916884,13.608593777800372,83.23505196874122,1.2825654844830177,1.2046728507606689e-05,763.5131905301088,2562.5,-21.548067004538684,13.728744732639495,83.87597747815165,0.4997443692180429,1.2168024548563631e-05,738.3953154244213,2476.5625,-21.59469621111427
T007,1,PCMU,G722,transcode,3.083496570587158,68.375,10.9,0.9952453403248974,13.63454264895774,83.20498473386513,1.2852984929800881,1.2024319461522354e-05,764.2246668255202,2562.5,-21.549155534809515,13.785571285305483,83.96438405906822,0.3641542147896281,0.0003356553229752351,734.7193763599316,2460.9375,-21.59794346325586
T007,2,PCMU,G722,transcode,3.2464632987976074,68.375,10.92,0.9972114940351634,13.63454264895774,83.20498473386513,1.2852984929800881,1.2024319461522354e-05,764.2246668255202,2562.5,-21.540951638647027,13.780822082090951,83.97913477810599,0.360875834031694,0.0001898998036090318,734.9635520800102,2460.9375,-21.57524147689864
T007,3,PCMU,G722,transcode,2.9599204063415527,68.375,10.92,0.992484601198013,13.63454264895774,83.20498473386513,1.2852984929800881,1.2024319461522354e-05,764.2246668255202,2562.5,-21.540951638647027,13.856731158801699,83.8893852729884,0.3603846350802413,0.00018344708562469217,733.4996404275936,2460.9375,-21.61754067288886
T007,4,PCMU,G722,transcode,3.0316975116729736,68.375,10.9,0.9961730116667636,13.63454264895774,83.20498473386513,1.2852984929800881,1.2024319461522354e-05,764.2246668255202,2562.5,-21.549155534809515,13.802895911499837,83.95181946276753,0.3595712178476483,0.00018105302961837826,734.2056920640395,2460.9375,-21.598518219069955
T007,5,PCMU,G722,transcode,3.0776827335357666,68.375,10.92,0.9952489452291551,13.63454264895774,83.20498473386513,1.2852984929800881,1.2024319461522354e-05,764.2246668255202,2562.5,-21.540951638647027,13.782443082937979,83.96692392696833,0.3647021653337754,0.0003354994391134812,734.6380015864419,2460.9375,-21.588897404646765
T007,6,PCMU,G722,transcode,3.2686705589294434,68.375,10.92,0.9972092415884829,13.63454264895774,83.20498473386513,1.2852984929800881,1.2024319461522354e-05,764.2246668255202,2562.5,-21.540951638647027,13.777670026513357,83.98494416337545,0.35888957533426835,0.00017962899006090352,734.3006147331945,2460.9375,-21.576769993348115
T007,7,PCMU,G722,transcode,2.9166595935821533,68.375,10.92,0.9896637104353676,13.63454264895774,83.20498473386513,1.2852984929800881,1.2024319461522354e-05,764.2246668255202,2562.5,-21.540951638647027,13.810743985903226,83.92864065456185,0.36648793511439215,0.0013422027660310938,734.7496110792695,2460.9375,-21.60939234470346
T007,8,PCMU,G722,transcode,2.8391246795654297,68.375,10.9,0.9939012882988049,13.63454264895774,83.20498473386513,1.2852984929800881,1.2024319461522354e-05,764.2246668255202,2562.5,-21.549155534809515,13.777630175065944,83.99580070013047,0.3614141215752981,0.0002799127030960095,736.4472284167423,2460.9375,-21.611868676604455
T007,9,PCMU,G722,transcode,2.976485252380371,108.375,10.88,0.996969417923921,13.592434057487225,83.2491327833734,1.2973861613905118,1.1999134505276637e-05,765.7266047601629,2570.3125,-21.525864100881392,13.706044694014512,84.07147298360117,0.36204371327228063,0.0001790118225493875,735.6507899673707,2468.75,-21.56307977537856
T007,10,PCMU,G722,transcode,2.952284336090088,68.375,10.92,0.9942994630579285,13.63454264895774,83.20498473386513,1.2852984929800881,1.2024319461522354e-05,764.2246668255202,2562.5,-21.540951638647027,13.791403455535573,83.97535997287578,0.36400284471957745,0.0009465798881428027,734.6588104102755,2460.9375,-21.59693641497136
T008,1,PCMU,OPUS,transcode,3.2228784561157227,143.25,10.84,0.879496635188599,13.559504049511325,83.27365659604322,1.282727088612303,1.2113610391708338e-05,762.0295492075502,2562.5,-21.535659042039633,13.760986281585128,83.95484688630063,0.356640126673824,1.6960946097724757e-05,727.9338262732324,2453.125,-21.660856185183533
T008,2,PCMU,OPUS,transcode,3.3583168983459473,143.25,10.82,0.617485715316505,13.559504049511325,83.27365659604322,1.282727088612303,1.2113610391708338e-05,762.0295492075502,2562.5,-21.54923354953462,13.569257598058995,84.16063065607582,0.3590768739738578,2.652424038633123e-06,729.9892724526123,2453.125,-21.636285916590445
T008,3,PCMU,OPUS,transcode,3.694061517715454,143.25,10.84,0.8610115469435399,13.559504049511325,83.27365659604322,1.282727088612303,1.2113610391708338e-05,762.0295492075502,2562.5,-21.535659042039633,13.648761927292806,84.09006058422342,0.3548351001021917,2.712917599004238e-06,729.9190005510595,2445.3125,-21.623476766176037
T008,4,PCMU,OPUS,transcode,3.5884170532226562,143.25,10.82,0.4725406581590384,13.559504049511325,83.27365659604322,1.282727088612303,1.2113610391708338e-05,762.0295492075502,2562.5,-21.54923354953462,13.632474681745151,84.09266725579903,0.3581870834564564,2.7444673877685694e-06,730.0446357103028,2453.125,-21.613756852840083
T008,5,PCMU,OPUS,transcode,2.8511626720428467,143.25,10.84,0.7995365685519731,13.559504049511325,83.27365659604322,1.282727088612303,1.2113610391708338e-05,762.0295492075502,2562.5,-21.535659042039633,13.553134941724771,84.18584061090722,0.35799838096160047,1.7803880078381972e-05,729.9733243960951,2453.125,-21.62229005034711
T008,6,PCMU,OPUS,transcode,3.0321316719055176,143.25,10.8,0.6112860751920411,13.560095649922774,83.27333470495209,1.2825734067476289,1.2113955152943328e-05,761.9982294081589,2562.5,-21.556137923357717,13.598679235283011,84.11197296455852,0.35950324889387075,0.0001376301451425164,729.4361521931761,2445.3125,-21.65428442175823
T008,7,PCMU,OPUS,transcode,3.172405958175659,143.25,10.82,0.9289363998154324,13.559504049511325,83.27365659604322,1.282727088612303,1.2113610391708338e-05,762.0295492075502,2562.5,-21.54923354953462,13.459420004404398,84.27307438361498,0.3662035052867532,0.00022729318016326036,732.2782417948606,2453.125,-21.649078279551183
T008,8,PCMU,OPUS,transcode,3.4431731700897217,163.25,10.8,0.6124677161078514,13.442868230025137,83.39827333504591,1.2939447077819763,1.208129791150023e-05,764.3329568257385,2562.5,-21.5530290777315,13.553735361470428,84.1919779269082,0.3565041446876356,2.8687045697604278e-06,729.2874116655286,2453.125,-21.627714272021976
T008,9,PCMU,OPUS,transcode,3.108961582183838,143.25,10.82,0.4717137066747495,13.559504049511325,83.27365659604322,1.282727088612303,1.2113610391708338e-05,762.0295492075502,2562.5,-21.54923354953462,13.576211897011266,84.15591433342857,0.3574496029978681,1.2057315870463256e-05,729.8190876547744,2453.125,-21.61426592229042
T008,10,PCMU,OPUS,transcode,2.9533374309539795,143.25,10.84,0.795242253539062,13.559504049511325,83.27365659604322,1.282727088612303,1.2113610391708338e-05,762.0295492075502,2562.5,-21.535659042039633,13.588033053647983,84.15561065643234,0.3579619746672875,4.795282197732867e-05,729.9338123820713,2453.125,-21.621012672428623
T009,1,PCMU,GSM,transcode,2.245722770690918,71.75,10.92,0.9516534456212028,13.608593777800372,83.23505196874122,1.2825654844830177,1.2046728507606689e-05,763.5131905301088,2562.5,-21.539252026873463,15.090370388228557,82.7806599267441,0.14170362534591543,1.319809654967537e-05,608.6673804799935,1679.6875,-22.191420555251625
T009,2,PCMU,GSM,transcode,2.3579699993133545,71.75,10.9,0.954012215863252,13.608593777800372,83.23505196874122,1.2825654844830177,1.2046728507606689e-05,763.5131905301088,2562.5,-21.548067004538684,14.940482225327166,82.94938993069194,0.1411147890570756,1.3206376393745607e-05,611.8348868310657,1679.6875,-22.153348144544346
T009,3,PCMU,GSM,transcode,2.3363029956817627,31.75,10.94,0.953626012793525,13.48977533366356,83.37454709738815,1.2864282171625618,1.2075940881362317e-05,763.4491095476664,2562.5,-21.56297519660807,14.710765350907337,83.22588250227972,0.12998493949680154,1.3216117982131067e-05,613.4100127746644,1687.5,-22.184843643383747
T009,4,PCMU,GSM,transcode,2.206577777862549,71.75,10.92,0.9462494508603454,13.608593777800372,83.23505196874122,1.2825654844830177,1.2046728507606689e-05,763.5131905301088,2562.5,-21.539252026873463,15.186998055250154,82.64446321536471,0.16514468629518694,1.2989054264748999e-05,617.0010389920102,1703.125,-22.244003128667952
T009,5,PCMU,GSM,transcode,2.340489149093628,71.75,10.94,0.9542801580117843,13.608593777800372,83.23505196874122,1.2825654844830177,1.2046728507606689e-05,763.5131905301088,2562.5,-21.54313891045824,15.01574031504979,82.86080665771586,0.14066416528123565,1.3155172089024432e-05,611.9907953584475,1679.6875,-22.16425957860958
T009,6,PCMU,GSM,transcode,2.308180093765259,71.75,10.9,0.9534961694114102,13.608593777800372,83.23505196874122,1.2825654844830177,1.2046728507606689e-05,763.5131905301088,2562.5,-21.548067004538684,15.095956500567919,82.7591708534033,0.14622017940253734,1.3205338147488215e-05,609.1680115068698,1679.6875,-22.20037580595634
T009,7,PCMU,GSM,transcode,2.17413330078125,71.75,10.92,0.9509146335087723,13.608593777800372,83.23505196874122,1.2825654844830177,1.2046728507606689e-05,763.5131905301088,2562.5,-21.539252026873463,14.933301709410486,82.98909255118103,0.13742811964489263,1.3155216443424099e-05,611.7574075740614,1679.6875,-22.187232805102365
T009,8,PCMU,GSM,transcode,2.1300151348114014,71.75,10.9,0.9514347988658785,13.608593777800372,83.23505196874122,1.2825654844830177,1.2046728507606689e-05,763.5131905301088,2562.5,-21.548067004538684,15.069585693459146,82.79191297651866,0.1335711215772125,1.3195899980346083e-05,610.4022466209536,1679.6875,-22.21553443830019
T009,9,PCMU,GSM,transcode,2.206549882888794,71.75,10.9,0.952927363721498,13.608593777800372,83.23505196874122,1.2825654844830177,1.2046728507606689e-05,763.5131905301088,2562.5,-21.548067004538684,14.978222157655802,82.93379483341118,0.1433737491694634,1.3151507529901921e-05,611.800929824103,1679.6875,-22.20870350940701
T009,10,PCMU,GSM,transcode,2.234492540359497,71.75,10.92,0.94822051397191,13.608593777800372,83.23505196874122,1.2825654844830177,1.2046728507606689e-05,763.5131905301088,2562.5,-21.539252026873463,14.922308249245587,82.93512774268969,0.14006781387423747,1.3224953648459055e-05,610.7197111040949,1679.6875,-22.196125146608615
T010,1,PCMA,G722,transcode,3.088299036026001,68.375,10.92,0.997178582695883,13.63454264895774,83.20498473386513,1.2852984929800881,1.2024319461522354e-05,764.2246668255202,2562.5,-21.540951638647027,13.786728148422077,83.97270514555359,0.36271499471501073,0.00018994826616826324,734.5579027039829,2460.9375,-21.580222869329113
T010,2,PCMA,G722,transcode,2.8708367347717285,68.375,10.9,0.9895895942007196,13.63454264895774,83.20498473386513,1.2852984929800881,1.2024319461522354e-05,764.2246668255202,2562.5,-21.549155534809515,13.80696467151908,83.91915530535752,0.36793100494284803,0.0006798223107948418,737.3133988223761,2460.9375,-21.631994086633057
T010,3,PCMA,G722,transcode,2.963024139404297,68.375,10.92,0.9961895496364673,13.63454264895774,83.20498473386513,1.2852984929800881,1.2024319461522354e-05,764.2246668255202,2562.5,-21.540951638647027,13.795936119056723,83.95577478701325,0.3638228704564772,0.00018058924305202617,734.8134190474206,2460.9375,-21.587624323297973
T010,4,PCMA,G722,transcode,3.1033244132995605,68.375,10.9,0.9970968635166135,13.63454264895774,83.20498473386513,1.2852984929800881,1.2024319461522354e-05,764.2246668255202,2562.5,-21.549155534809515,13.776324748232549,83.98342379939945,0.36373495549394347,0.0001849867486715156,734.8937287471944,2460.9375,-21.58670641105388
T010,5,PCMA,G722,transcode,2.82476806640625,68.375,10.92,0.9959976941075767,13.63454264895774,83.20498473386513,1.2852984929800881,1.2024319461522354e-05,764.2246668255202,2562.5,-21.540951638647027,13.781916125913376,83.9737320476419,0.3638295820413045,0.00019058779242406632,735.1006975215164,2460.9375,-21.590278240466482
T010,6,PCMA,G722,transcode,2.78592848777771,68.375,10.94,0.9918918115018692,13.63454264895774,83.20498473386513,1.2852984929800881,1.2024319461522354e-05,764.2246668255202,2562.5,-21.544139391811214,13.718067641345336,84.03124633196765,0.3573673897021669,0.0004875355398464133,733.3263510456521,2453.125,-21.61732057265823
T010,7,PCMA,G722,transcode,2.828261375427246,68.375,10.92,0.9960842226547693,13.63454264895774,83.20498473386513,1.2852984929800881,1.2024319461522354e-05,764.2246668255202,2562.5,-21.540951638647027,13.774283246812756,83.98456669149486,0.3617704437784984,0.00018768956713361562,734.8603287369704,2460.9375,-21.58923146984114
T010,8,PCMA,G722,transcode,2.913020610809326,108.375,10.84,0.9943841999126748,13.606731477715478,83.23116834836425,1.2985954443123877,1.2005774753878768e-05,765.5436613566424,2570.3125,-21.54389900417279,13.732517747547668,84.08299201355067,0.37065908279701804,0.0003484626766265399,737.172295239552,2476.5625,-21.605155347691635
T010,9,PCMA,G722,transcode,2.8943028450012207,68.375,10.92,0.992371995135888,13.63454264895774,83.20498473386513,1.2852984929800881,1.2024319461522354e-05,764.2246668255202,2562.5,-21.540951638647027,13.795471086217091,83.95232823396543,0.36062122215335535,0.00019797879184813643,733.9603569548174,2460.9375,-21.607395131464187
T010,10,PCMA,G722,transcode,2.9186782836914062,68.375,10.92,0.9961225071313823,13.63454264895774,83.20498473386513,1.2852984929800881,1.2024319461522354e-05,764.2246668255202,2562.5,-21.540951638647027,13.791377631546265,83.96277306199947,0.36282095491157984,0.0001910444108626465,734.2226630953014,2460.9375,-21.58965566864111
T011,1,PCMA,OPUS,transcode,3.396436929702759,143.25,10.82,0.40261108240358245,13.559504049511325,83.27365659604322,1.282727088612303,1.2113610391708338e-05,762.0295492075502,2562.5,-21.54923354953462,13.579929988893038,84.20303604943169,0.35800794909224165,3.2224769911267446e-06,732.1573248767075,2453.125,-21.62925653648038
T011,2,PCMA,OPUS,transcode,3.643409013748169,143.25,10.82,0.47204199600226776,13.559504049511325,83.27365659604322,1.282727088612303,1.2113610391708338e-05,762.0295492075502,2562.5,-21.54923354953462,13.624149709516091,84.10063396789555,0.3599134210643642,2.8598561339492583e-06,730.3514697263795,2453.125,-21.610398344777813
T011,3,PCMA,OPUS,transcode,3.507866382598877,143.25,10.82,0.5188915038837466,13.559504049511325,83.27365659604322,1.282727088612303,1.2113610391708338e-05,762.0295492075502,2562.5,-21.54923354953462,13.602842522590937,84.13006792292929,0.3529186325824609,2.8550115476178367e-06,730.6338764601418,2453.125,-21.624822871825508
T011,4,PCMA,OPUS,transcode,3.311229944229126,143.25,10.82,0.3735507553249296,13.559504049511325,83.27365659604322,1.282727088612303,1.2113610391708338e-05,762.0295492075502,2562.5,-21.54923354953462,13.633072448640933,84.0760110112547,0.35784624968196044,4.370534923120967e-06,729.1649102892883,2453.125,-21.662562756429523
T011,5,PCMA,OPUS,transcode,3.5518362522125244,163.25,10.8,0.9399968465744046,13.442868230025137,83.39827333504591,1.2939447077819763,1.208129791150023e-05,764.3329568257385,2562.5,-21.5530290777315,13.449728181534162,84.28157854627665,0.3537477991702808,7.603114107238002e-06,730.2634749230534,2460.9375,-21.61654676144073
T011,6,PCMA,OPUS,transcode,3.457361936569214,143.25,10.84,0.5927402724007387,13.559504049511325,83.27365659604322,1.282727088612303,1.2113610391708338e-05,762.0295492075502,2562.5,-21.535659042039633,13.60364181634185,84.12758476951856,0.35852899534749677,2.9626272388567054e-06,730.8275345384973,2453.125,-21.613984561765037
T011,7,PCMA,OPUS,transcode,3.2459073066711426,143.25,10.82,0.7850077881442746,13.559504049511325,83.27365659604322,1.282727088612303,1.2113610391708338e-05,762.0295492075502,2562.5,-21.54923354953462,13.564744228911751,84.1544065433453,0.35597546891549636,9.500661459104662e-06,732.2983461274772,2453.125,-21.661241925209204
T011,8,PCMA,OPUS,transcode,3.47090220451355,143.25,10.82,0.6159896436920572,13.559504049511325,83.27365659604322,1.282727088612303,1.2113610391708338e-05,762.0295492075502,2562.5,-21.54923354953462,13.583269450392228,84.14602755262196,0.3583955201845475,3.5875749488524565e-05,729.9070353777224,2445.3125,-21.638972329066508
T011,9,PCMA,OPUS,transcode,2.9880330562591553,143.25,10.82,0.4694176112729694,13.559504049511325,83.27365659604322,1.282727088612303,1.2113610391708338e-05,762.0295492075502,2562.5,-21.54923354953462,13.55684088983219,84.1661208170086,0.35592278690330886,3.0087009771385065e-06,731.6114956417429,2453.125,-21.62284293926943
T011,10,PCMA,OPUS,transcode,3.504683017730713,123.25,10.82,0.6302526391310576,13.706086934929417,83.10984114927045,1.2971374444798842,1.1992963806579581e-05,765.5817200765528,2562.5,-21.544346536026005,13.692607632968002,84.00543195158455,0.3543248766666845,2.9263061965205832e-05,729.701856562109,2453.125,-21.6424960118835
T012,1,PCMA,GSM,transcode,2.266601085662842,71.75,10.94,0.9528734937670288,13.608593777800372,83.23505196874122,1.2825654844830177,1.2046728507606689e-05,763.5131905301088,2562.5,-21.54313891045824,15.144772858612583,82.74982994915665,0.11581135612705133,1.3186105955753678e-05,611.3226898121521,1679.6875,-22.179802163308114
T012,2,PCMA,GSM,transcode,2.3816707134246826,71.75,10.9,0.9551968694852767,13.608593777800372,83.23505196874122,1.2825654844830177,1.2046728507606689e-05,763.5131905301088,2562.5,-21.548067004538684,15.159451573215927,82.70541698713657,0.11852108201044106,1.3125782107550614e-05,614.0117597167363,1687.5,-22.147807130421334
T012,3,PCMA,GSM,transcode,2.3140127658843994,71.75,10.94,0.9522404900781921,13.608593777800372,83.23505196874122,1.2825654844830177,1.2046728507606689e-05,763.5131905301088,2562.5,-21.54313891045824,15.14959313727564,82.7033395551252,0.11793780889080394,1.3200518163832495e-05,612.7181564937832,1687.5,-22.152410911154725
T012,4,PCMA,GSM,transcode,2.3701283931732178,71.75,10.92,0.9553751916883962,13.608593777800372,83.23505196874122,1.2825654844830177,1.2046728507606689e-05,763.5131905301088,2562.5,-21.539252026873463,15.04685983036409,82.79806293812624,0.1199333089900736,1.3185446060907534e-05,613.0995981482805,1687.5,-22.117946375593736
T012,5,PCMA,GSM,transcode,2.2686567306518555,71.75,10.9,0.953553538439103,13.608593777800372,83.23505196874122,1.2825654844830177,1.2046728507606689e-05,763.5131905301088,2562.5,-21.548067004538684,15.078977730006551,82.78039133786949,0.11866462543826747,1.3147096224064522e-05,611.2303310043397,1664.0625,-22.169943463022964
T012,6,PCMA,GSM,transcode,2.3315582275390625,71.75,10.92,0.9529040742607537,13.608593777800372,83.23505196874122,1.2825654844830177,1.2046728507606689e-05,763.5131905301088,2562.5,-21.539252026873463,15.068779001039132,82.79684659363353,0.11953409967880615,1.3178555249238867e-05,611.2766581183546,1671.875,-22.151273249205907
T012,7,PCMA,GSM,transcode,2.2658438682556152,71.75,10.94,0.9527874209274545,13.608593777800372,83.23505196874122,1.2825654844830177,1.2046728507606689e-05,763.5131905301088,2562.5,-21.54313891045824,15.15674957960998,82.71334276913772,0.11553525657453026,1.3110699310627124e-05,614.9985021315151,1687.5,-22.15172323308511
T012,8,PCMA,GSM,transcode,2.3381659984588623,71.75,10.9,0.9520988834992461,13.608593777800372,83.23505196874122,1.2825654844830177,1.2046728507606689e-05,763.5131905301088,2562.5,-21.548067004538684,14.974022504741828,82.90123865835362,0.13188419855841935,1.3210592904278097e-05,614.6715200889895,1703.125,-22.15784719880981
T012,9,PCMA,GSM,transcode,2.242763042449951,71.75,10.92,0.9495164589599486,13.608593777800372,83.23505196874122,1.2825654844830177,1.2046728507606689e-05,763.5131905301088,2562.5,-21.539252026873463,15.056784778331048,82.78399572726404,0.1291525257490588,1.3103902321663618e-05,614.6072647893636,1687.5,-22.19746223099675
T012,10,PCMA,GSM,transcode,2.321810245513916,71.75,10.92,0.9530169748240096,13.608593777800372,83.23505196874122,1.2825654844830177,1.2046728507606689e-05,763.5131905301088,2562.5,-21.539252026873463,15.148065942081638,82.71334455020713,0.12519737266065423,1.31568131499927e-05,612.2530620879891,1679.6875,-22.167017631953968
T013,1,G722,PCMU,transcode,2.615058660507202,76.625,10.94,0.9885267477555876,13.33820591918674,81.86478786193541,2.8508921378174756,0.10766112929357674,835.8437169597163,2757.8125,-21.475479143391727,13.701509691405482,84.07591405941237,0.3701619588840714,1.22065319255871e-05,729.8329389154156,2437.5,-27.609474585886677
T013,2,G722,PCMU,transcode,2.6307640075683594,76.625,10.94,0.9892772842439514,13.33820591918674,81.86478786193541,2.8508921378174756,0.10766112929357674,835.8437169597163,2757.8125,-21.475479143391727,13.665311380977329,84.11934651117943,0.37138077314172924,1.2214003757750716e-05,730.6619094762347,2437.5,-27.61655899088176
T013,3,G722,PCMU,transcode,2.5377390384674072,76.625,10.94,0.9860988947178776,13.33820591918674,81.86478786193541,2.8508921378174756,0.10766112929357674,835.8437169597163,2757.8125,-21.475479143391727,13.73128235580997,84.03156673732504,0.369307121751095,1.222984719579413e-05,729.5954173917645,2437.5,-27.614619652128276
T013,4,G722,PCMU,transcode,2.6010525226593018,76.625,10.94,0.9885565675384723,13.33820591918674,81.86478786193541,2.8508921378174756,0.10766112929357674,835.8437169597163,2757.8125,-21.475479143391727,13.745620269748471,84.00815554138725,0.3695288657588315,1.2238501365297867e-05,728.4161598488723,2437.5,-27.599571259095875
T013,5,G722,PCMU,transcode,2.5053911209106445,76.625,10.94,0.9834296701393184,13.33820591918674,81.86478786193541,2.8508921378174756,0.10766112929357674,835.8437169597163,2757.8125,-21.475479143391727,13.747032594156895,84.01002710536055,0.37032008578535414,1.2239456090553004e-05,728.7057539086404,2429.6875,-27.609997344035296
T013,6,G722,PCMU,transcode,2.613182783126831,76.625,10.94,0.9888694966986802,13.33820591918674,81.86478786193541,2.8508921378174756,0.10766112929357674,835.8437169597163,2757.8125,-21.475479143391727,13.764853541673652,83.97194823929313,0.36778172044720153,1.2283366551556205e-05,726.604927401946,2429.6875,-27.563815966342894
T013,7,G722,PCMU,transcode,2.5797278881073,76.625,10.92,0.9885755788063167,13.33820591918674,81.86478786193541,2.8508921378174756,0.10766112929357674,835.8437169597163,2757.8125,-21.47072952722565,13.72846713927412,84.02815900520174,0.37117278746629206,1.2215485653163203e-05,729.7429437538707,2437.5,-27.602769704428244
T013,8,G722,PCMU,transcode,2.508326292037964,76.625,10.92,0.9794632392504922,13.33820591918674,81.86478786193541,2.8508921378174756,0.10766112929357674,835.8437169597163,2757.8125,-21.47072952722565,13.75165117787835,83.98932677105458,0.3751223155550565,1.2065506201740305e-05,732.8613090556073,2437.5,-27.664015382657098
T013,9,G722,PCMU,transcode,2.4937822818756104,76.625,10.94,0.9796006680389816,13.33820591918674,81.86478786193541,2.8508921378174756,0.10766112929357674,835.8437169597163,2757.8125,-21.475479143391727,13.725621763419687,84.02357241485348,0.37225915993995756,1.2095612434096285e-05,731.9142666697815,2437.5,-27.647488510266793
T013,10,G722,PCMU,transcode,2.638195753097534,76.625,10.94,0.9895611348464226,13.33820591918674,81.86478786193541,2.8508921378174756,0.10766112929357674,835.8437169597163,2757.8125,-21.475479143391727,13.711770473039264,84.04688490423236,0.37013944225408907,1.2220011571556147e-05,729.4879999693504,2437.5,-27.605720163049455
T014,1,G722,PCMA,transcode,2.6662886142730713,76.625,10.94,0.9894565684198781,13.33820591918674,81.86478786193541,2.8508921378174756,0.10766112929357674,835.8437169597163,2757.8125,-21.475479143391727,13.69738433854472,84.06461502048641,0.37006560496945073,1.2207678123085153e-05,730.1212824278045,2437.5,-27.62133909803874
T014,2,G722,PCMA,transcode,2.5822665691375732,76.625,10.94,0.982937696141866,13.33820591918674,81.86478786193541,2.8508921378174756,0.10766112929357674,835.8437169597163,2757.8125,-21.475479143391727,13.78865361173617,83.96836705885767,0.3702066956750363,1.2139578845679571e-05,731.084280156466,2437.5,-27.65128836288096
T014,3,G722,PCMA,transcode,2.636406898498535,76.625,10.9,0.9892808965971068,13.33820591918674,81.86478786193541,2.8508921378174756,0.10766112929357674,835.8437169597163,2757.8125,-21.47177929869477,13.68622827312774,84.07657319209676,0.37107256480451534,1.2220015882342426e-05,729.9953248547176,2437.5,-27.613309297025577
T014,4,G722,PCMA,transcode,2.498809337615967,76.625,10.94,0.9818764644179806,13.33820591918674,81.86478786193541,2.8508921378174756,0.10766112929357674,835.8437169597163,2757.8125,-21.475479143391727,13.736125730760305,84.07133784908778,0.36538188774299496,1.2184414247792312e-05,724.2092477852992,2421.875,-27.56752021875975
T014,5,G722,PCMA,transcode,2.576389789581299,76.625,10.92,0.9890686635412748,13.33820591918674,81.86478786193541,2.8508921378174756,0.10766112929357674,835.8437169597163,2757.8125,-21.47072952722565,13.709064655093307,84.05306959843077,0.3681764678107837,1.2224140969693521e-05,729.1809372497443,2437.5,-27.606609241656663
T014,6,G722,PCMA,transcode,2.6744165420532227,76.625,10.92,0.9894935984435145,13.33820591918674,81.86478786193541,2.8508921378174756,0.10766112929357674,835.8437169597163,2757.8125,-21.47072952722565,13.733466880382828,84.03051129167103,0.3691032686013795,1.2226594405174598e-05,729.0510962767814,2437.5,-27.610310921067807
T014,7,G722,PCMA,transcode,2.711287498474121,76.625,10.94,0.9895860978997688,13.33820591918674,81.86478786193541,2.8508921378174756,0.10766112929357674,835.8437169597163,2757.8125,-21.475479143391727,13.701111965278235,84.06381041256705,0.36932563835090226,1.221744635375955e-05,729.7137119261469,2437.5,-27.612665764452018
T014,8,G722,PCMA,transcode,2.524836540222168,76.625,10.92,0.9842978216643201,13.33820591918674,81.86478786193541,2.8508921378174756,0.10766112929357674,835.8437169597163,2757.8125,-21.47072952722565,13.631638095096141,84.17705883803936,0.36948934204501527,1.211601215730366e-05,736.1069988463239,2437.5,-27.592999455972993
T014,9,G722,PCMA,transcode,2.532564401626587,76.625,10.94,0.9829089427305104,13.33820591918674,81.86478786193541,2.8508921378174756,0.10766112929357674,835.8437169597163,2757.8125,-21.475479143391727,13.791233558810578,83.95392019616511,0.36916069384017053,1.227492694561139e-05,728.7744795442231,2429.6875,-27.649432601708483
T014,10,G722,PCMA,transcode,2.534043312072754,76.625,10.92,0.987364361652045,13.33820591918674,81.86478786193541,2.8508921378174756,0.10766112929357674,835.8437169597163,2757.8125,-21.47072952722565,13.682055561433064,84.09357391480235,0.3731680872797595,1.2166975762304415e-05,731.5375837480537,2437.5,-27.62561383503879
T015,1,G722,OPUS,transcode,2.61435866355896,171.125,10.82,0.6691150779189468,13.239821215955397,81.97093650131443,2.8480156994594927,0.10338839086182447,838.0189635953826,2765.625,-21.471585809865672,13.159680560977433,82.9493470421359,2.032589744553599,0.006226131891745416,784.4372255540691,2593.75,-27.642588777111182
T015,2,G722,OPUS,transcode,2.520233154296875,151.125,10.84,0.7433131113479851,13.250840038065292,81.93304306013923,2.8668373940129888,0.10732343009390236,835.7606944658467,2757.8125,-21.47378934607332,13.148059222259977,83.12772643907893,1.9774511724004407,0.006747113207086501,766.3997988283064,2570.3125,-27.508807798085847
T015,3,G722,OPUS,transcode,2.531925916671753,171.125,10.82,0.7190021867252735,13.239821215955397,81.97093650131443,2.8480156994594927,0.10338839086182447,838.0189635953826,2765.625,-21.471585809865672,13.053469014491371,83.11888655203461,2.0514051058259093,0.005982977358496172,790.0547026902159,2601.5625,-27.697533004743544
T015,4,G722,OPUS,transcode,2.546227216720581,171.125,10.84,0.7195064624066838,13.239821215955397,81.97093650131443,2.8480156994594927,0.10338839086182447,838.0189635953826,2765.625,-21.474773455056177,13.080935709156009,83.09705647829394,2.055623911280331,0.007101938879214639,790.2476094032519,2601.5625,-27.7142047178959
T015,5,G722,OPUS,transcode,2.531369924545288,171.125,10.84,0.7161949191455663,13.239821215955397,81.97093650131443,2.8480156994594927,0.10338839086182447,838.0189635953826,2765.625,-21.474773455056177,13.105980488882,83.02866558973524,2.070934427253602,0.007376894277242249,789.586149899658,2601.5625,-27.690340964416848
T015,6,G722,OPUS,transcode,2.4931998252868652,171.125,10.82,0.8112631684936468,13.239821215955397,81.97093650131443,2.8480156994594927,0.10338839086182447,838.0189635953826,2765.625,-21.471585809865672,13.187369559580691,82.91888428921644,2.022561063529949,0.005719289904549456,783.2634645727161,2593.75,-27.667278003775927
T015,7,G722,OPUS,transcode,2.7179453372955322,171.125,10.84,0.6674148215938662,13.239821215955397,81.97093650131443,2.8480156994594927,0.10338839086182447,838.0189635953826,2765.625,-21.474773455056177,13.210506206560888,82.89443236191804,2.0435949590668163,0.006151093137656713,783.2269125251817,2593.75,-27.63816671812971
T015,8,G722,OPUS,transcode,2.6354262828826904,171.125,10.82,0.7160076167771918,13.239821215955397,81.97093650131443,2.8480156994594927,0.10338839086182447,838.0189635953826,2765.625,-21.471585809865672,14.125189951530226,81.7307993322888,1.8614790091266695,0.005739499987644614,744.3468014939222,2554.6875,-27.32283859495481
T015,9,G722,OPUS,transcode,2.740450859069824,171.125,10.84,0.8061384765091325,13.239821215955397,81.97093650131443,2.8480156994594927,0.10338839086182447,838.0189635953826,2765.625,-21.474773455056177,13.33764154942107,82.74841297648254,2.0347804801194567,0.007271868962166763,782.8226759809975,2593.75,-27.643467325600383
T015,10,G722,OPUS,transcode,2.477630376815796,171.125,10.84,0.6639076698749707,13.239821215955397,81.97093650131443,2.8480156994594927,0.10338839086182447,838.0189635953826,2765.625,-21.474773455056177,13.36362347614222,82.75961929092895,2.0195589925791473,0.007177890070498303,785.3223724522217,2601.5625,-27.66287098618951
T016,1,G722,GSM,transcode,1.9978032112121582,76.625,10.94,0.9463128576990787,13.33820591918674,81.86478786193541,2.8508921378174756,0.10766112929357674,835.8437169597163,2757.8125,-21.475479143391727,15.032975891293663,82.88591626879133,0.10180725553634024,1.3134155490594294e-05,611.7672392488224,1687.5,-28.21695900732815
T016,2,G722,GSM,transcode,2.0073206424713135,76.625,10.94,0.9434010402095622,13.33820591918674,81.86478786193541,2.8508921378174756,0.10766112929357674,835.8437169597163,2757.8125,-21.475479143391727,15.04903977894916,82.86593724330191,0.09610554371971566,1.3107151433261218e-05,608.0211868071796,1671.875,-28.23233442947108
T016,3,G722,GSM,transcode,1.960866093635559,76.625,10.94,0.9387294545312603,13.33820591918674,81.86478786193541,2.8508921378174756,0.10766112929357674,835.8437169597163,2757.8125,-21.475479143391727,15.393445314000813,82.37328012120054,0.09591960881500819,1.3143981844366755e-05,607.8273516024341,1679.6875,-28.057637778092367
T016,4,G722,GSM,transcode,2.035287857055664,76.625,10.94,0.9466563633422436,13.33820591918674,81.86478786193541,2.8508921378174756,0.10766112929357674,835.8437169597163,2757.8125,-21.475479143391727,15.079685233313594,82.82630360950252,0.09628752556632254,1.3109707857950279e-05,609.7210033313378,1671.875,-28.204184156175046
T016,5,G722,GSM,transcode,1.9491856098175049,76.625,10.92,0.9388737394501597,13.33820591918674,81.86478786193541,2.8508921378174756,0.10766112929357674,835.8437169597163,2757.8125,-21.47072952722565,15.011585114121667,82.89223079134052,0.1039163854731212,1.3264001727204526e-05,606.6814384119914,1640.625,-28.26628741207879
T016,6,G722,GSM,transcode,2.0368449687957764,76.625,10.92,0.9460261402531169,13.33820591918674,81.86478786193541,2.8508921378174756,0.10766112929357674,835.8437169597163,2757.8125,-21.47072952722565,14.722291145826128,83.24000812603788,0.08850433302351757,1.3204466519045738e-05,609.8461754651643,1671.875,-28.131119966597776
T016,7,G722,GSM,transcode,1.9482215642929077,76.625,10.94,0.945029774354481,13.33820591918674,81.86478786193541,2.8508921378174756,0.10766112929357674,835.8437169597163,2757.8125,-21.475479143391727,14.959197009836956,82.94077864191391,0.11953774462245549,1.3221918923686438e-05,609.2874475643546,1664.0625,-28.18608418373647
T016,8,G722,GSM,transcode,2.0070180892944336,76.625,10.94,0.9433857868684321,13.33820591918674,81.86478786193541,2.8508921378174756,0.10766112929357674,835.8437169597163,2757.8125,-21.475479143391727,14.794003325336371,83.13130023880534,0.09510966181343541,1.3346218775867667e-05,605.107747060252,1664.0625,-28.06058107657129
T016,9,G722,GSM,transcode,2.0046005249023438,76.625,10.94,0.9431522307101858,13.33820591918674,81.86478786193541,2.8508921378174756,0.10766112929357674,835.8437169597163,2757.8125,-21.475479143391727,14.862252375469437,83.13706556130103,0.11164540442676613,1.3118694923067746e-05,612.9419628464195,1679.6875,-28.206084409164628
T016,10,G722,GSM,transcode,1.982071042060852,76.625,10.94,0.9463967600266331,13.33820591918674,81.86478786193541,2.8508921378174756,0.10766112929357674,835.8437169597163,2757.8125,-21.475479143391727,14.962217759829528,82.92926636364489,0.1212158662612164,1.3146279279067678e-05,609.317825152281,1664.0625,-28.169882709705764
T017,1,OPUS,PCMU,transcode,2.400733709335327,47.4375,10.94,0.4236316512679911,13.373577216636725,81.844663878914,2.8339965442926554,0.11994930430869043,838.5156659786211,2765.625,-21.47354272188035,13.555862797986142,84.25405604938472,0.3567992475178458,1.244532069927764e-05,719.1721082175087,2382.8125,-21.811611393322117
T017,2,OPUS,PCMU,transcode,2.374906539916992,27.4375,10.92,0.47118042660859694,13.24101913924726,81.9621331037386,2.8530927134115434,0.12416898061300859,837.1249490235855,2757.8125,-21.49919269763743,13.492956478760728,84.33054613964123,0.35763290894569894,1.228248896849289e-05,721.7823350856221,2375.0,-21.802067625242305
T017,3,OPUS,PCMU,transcode,2.3281843662261963,47.4375,10.96,0.525048228090179,13.356616955970706,81.86820532296062,2.8305075470610443,0.12001859056912123,838.649732802755,2765.625,-21.47678780852612,13.687275972273024,84.05319330193754,0.35845496749199596,1.2280944351921378e-05,716.4381724409803,2382.8125,-21.892949581853923
T017,4,OPUS,PCMU,transcode,2.3261168003082275,27.4375,10.96,0.5378337814954299,13.237724120344598,81.96306652522128,2.85505150326809,0.1247413897481313,837.3151847381863,2757.8125,-21.481475043251148,13.435087978216403,84.40928859366919,0.35447006573681317,1.236396669754075e-05,720.7006261417362,2367.1875,-21.80940645904891
T017,5,OPUS,PCMU,transcode,2.6573216915130615,67.4375,10.9,0.6141310130880521,13.399900952781941,81.79000023813784,2.8419904114922314,0.12498823499772244,838.1107332062414,2765.625,-21.474665209444026,13.665684759132624,84.05437608693516,0.3545735782367233,1.2376141726516051e-05,718.2472372020155,2367.1875,-21.774113833332503
T017,6,OPUS,PCMU,transcode,2.459439754486084,27.4375,10.94,0.46916580278537234,13.24101913924726,81.9621331037386,2.8530927134115434,0.12416898061300859,837.1249490235855,2757.8125,-21.48950384264947,13.553899904715992,84.27561401238503,0.3560267911873396,1.22891856451128e-05,720.7981247635078,2375.0,-21.782934779623865
T017,7,OPUS,PCMU,transcode,2.5341408252716064,47.4375,10.96,0.48782897555685667,13.356616955970706,81.86820532296062,2.8305075470610443,0.12001859056912123,838.649732802755,2765.625,-21.47678780852612,13.591454715747279,84.15235751631833,0.3521849255090211,1.2382227773176943e-05,719.3846205459253,2382.8125,-21.78148385636856
T017,8,OPUS,PCMU,transcode,2.5460689067840576,27.4375,10.96,0.48921621706968776,13.237724120344598,81.96306652522128,2.85505150326809,0.1247413897481313,837.3151847381863,2757.8125,-21.481475043251148,13.420433363877075,84.41376439266564,0.3501435009790875,1.2377543511882378e-05,720.6426428764029,2367.1875,-21.807134856689096
T017,9,OPUS,PCMU,transcode,2.533540964126587,47.4375,10.96,0.4875307706935184,13.356616955970706,81.86820532296062,2.8305075470610443,0.12001859056912123,838.649732802755,2765.625,-21.47678780852612,13.576718636911597,84.1670744844224,0.3539064735411699,1.2388538210497344e-05,719.4056157480585,2375.0,-21.782420469121266
T017,10,OPUS,PCMU,transcode,2.5893352031707764,27.4375,10.92,0.47741949181836174,13.24101913924726,81.9621331037386,2.8530927134115434,0.12416898061300859,837.1249490235855,2757.8125,-21.49919269763743,13.476469106923396,84.34071805006832,0.3580443312165566,1.2311660621607237e-05,721.4028289981813,2382.8125,-21.815394981886055
T018,1,OPUS,PCMA,transcode,2.396186351776123,27.4375,10.94,0.3949508074619852,13.24101913924726,81.9621331037386,2.8530927134115434,0.12416898061300859,837.1249490235855,2757.8125,-21.48950384264947,13.524734752265967,84.25006272947607,0.3574160045148427,1.2341431999843373e-05,719.9123228444316,2382.8125,-21.80218542318022
T018,2,OPUS,PCMA,transcode,2.351917266845703,47.4375,10.96,0.3870830269746453,13.356616955970706,81.86820532296062,2.8305075470610443,0.12001859056912123,838.649732802755,2765.625,-21.47678780852612,13.645272408835998,84.12932173303132,0.3505045085703781,1.2487998145327289e-05,716.9196446379171,2375.0,-21.87994374612506
T018,3,OPUS,PCMA,transcode,2.332507848739624,27.4375,10.98,0.5006930590483541,13.237724120344598,81.96306652522128,2.85505150326809,0.1247413897481313,837.3151847381863,2757.8125,-21.484705668044914,13.656988270324666,84.14384028825096,0.35625029471779796,1.2318346543919482e-05,716.2360723180923,2382.8125,-21.908091101817803
T018,4,OPUS,PCMA,transcode,2.315171003341675,47.4375,10.92,0.5358256291474154,13.373577216636725,81.844663878914,2.8339965442926554,0.11994930430869043,838.5156659786211,2765.625,-21.481557006501628,13.539988604378802,84.22035558766719,0.3513283192526622,1.2384793499581053e-05,720.6666572771527,2375.0,-21.811912544747898
T018,5,OPUS,PCMA,transcode,2.1299667358398438,47.4375,10.96,0.771558772524366,13.356616955970706,81.86820532296062,2.8305075470610443,0.12001859056912123,838.649732802755,2765.625,-21.47678780852612,13.214614374868981,84.5605509328703,0.3513448664550317,1.2370143130736975e-05,720.7323185732955,2367.1875,-21.834637796950563
T018,6,OPUS,PCMA,transcode,2.394793748855591,7.4375,10.96,0.4692365793314074,13.363269931311391,81.81463897833808,2.855083352236284,0.12629568629901483,838.635691979824,2765.625,-21.4974361640028,13.73644250995891,83.97934442926613,0.3555060821383851,1.2338290457797004e-05,718.4972958305854,2367.1875,-21.799296673148238
T018,7,OPUS,PCMA,transcode,2.6278648376464844,27.4375,10.94,0.46816650757257894,13.24101913924726,81.9621331037386,2.8530927134115434,0.12416898061300859,837.1249490235855,2757.8125,-21.48950384264947,13.494057170783236,84.34398897297822,0.35826702618216644,1.2320649073300633e-05,721.1394818819922,2375.0,-21.77779635856129
T018,8,OPUS,PCMA,transcode,2.316589593887329,47.4375,10.92,0.5360619875158307,13.373577216636725,81.844663878914,2.8339965442926554,0.11994930430869043,838.5156659786211,2765.625,-21.481557006501628,13.528235011456726,84.22727806480907,0.34961627355676117,1.238513391212785e-05,720.2862823211814,2375.0,-21.809946371193195
T018,9,OPUS,PCMA,transcode,2.39955735206604,47.4375,10.94,0.40476642014671327,13.373577216636725,81.844663878914,2.8339965442926554,0.11994930430869043,838.5156659786211,2765.625,-21.47354272188035,13.621748178233574,84.16114070571489,0.3581719569194947,1.2445088157996523e-05,719.5153737217279,2382.8125,-21.866340946293747
T018,10,OPUS,PCMA,transcode,2.46468448638916,27.4375,10.94,0.3897664542140504,13.24101913924726,81.9621331037386,2.8530927134115434,0.12416898061300859,837.1249490235855,2757.8125,-21.48950384264947,13.58419201321961,84.17667137581195,0.3595602371393956,1.2360695260476815e-05,720.2304720231697,2375.0,-21.836487418328318
T019,1,OPUS,G722,transcode,2.6779935359954834,7.0625,10.96,0.3623412614105178,13.36640054795981,81.81171719213985,2.854735862948209,0.1262113456536743,838.6750371964149,2765.625,-21.49746341307633,13.564862529732386,82.39809133036842,2.1429247468037302,0.0118605115906987,788.7505652731818,2609.375,-21.77171575139071
T019,2,OPUS,G722,transcode,2.5099127292633057,47.0625,10.96,0.4381813130965067,13.353890763224065,81.87095969253346,2.8308367422411895,0.12001781705963514,838.6257377036321,2765.625,-21.476807044950455,13.323774498106228,82.71718313267505,2.1139791271737307,0.010396515250522913,789.9877352071617,2609.375,-21.68613544371042
T019,3,OPUS,G722,transcode,2.431544542312622,27.0625,10.98,0.43570382234644583,13.237736293371434,81.96227567170631,2.8554257790544657,0.124863219468914,837.3105722268175,2757.8125,-21.484724904463928,13.3203827506756,82.71229731710832,2.1091838591420613,0.01099551749492508,789.3806684684744,2609.375,-21.745862769081175
T019,4,OPUS,G722,transcode,2.506298542022705,-12.9375,10.9470625,0.47180671176084765,13.412253865571671,81.77413826853409,2.847421812800572,0.12413667429246808,839.3029829392045,2765.625,-21.51005691453342,13.407410056291006,82.52481311778679,2.1402512155857667,0.01100287677981664,791.4107932027463,2609.375,-21.712471970954805
T019,5,OPUS,G722,transcode,2.9666085243225098,27.0625,10.94,0.4042733298803602,13.24091424677807,81.96153364014461,2.8534162784512764,0.12428394207811477,837.1195515019571,2757.8125,-21.489531091719037,13.290184165578859,82.73995909248977,2.092698586920873,0.009955289462399925,790.1013989701555,2601.5625,-21.67716120841165
T019,6,OPUS,G722,transcode,2.7341318130493164,27.0625,10.94,0.4835621334354422,13.24091424677807,81.96153364014461,2.8534162784512764,0.12428394207811477,837.1195515019571,2757.8125,-21.489531091719037,13.438606799939146,82.61160617667012,2.1014861958853714,0.010856245930120903,786.7869179972414,2617.1875,-21.77952684531953
T019,7,OPUS,G722,transcode,2.6843488216400146,7.0625,10.96,0.4170940625974031,13.36640054795981,81.81171719213985,2.854735862948209,0.1262113456536743,838.6750371964149,2765.625,-21.49746341307633,13.441920144535477,82.54650680848067,2.1260481235953637,0.011601151898239757,791.833880290998,2609.375,-21.730836923729807
T019,8,OPUS,G722,transcode,2.9868152141571045,27.0625,10.92,0.4733124703084201,13.24091424677807,81.96153364014461,2.8534162784512764,0.12428394207811477,837.1195515019571,2757.8125,-21.499307322362245,13.225748713646839,82.86728199799664,2.0967594663819686,0.010025787457924897,789.7262625538295,2609.375,-21.68537159387391
T019,9,OPUS,G722,transcode,2.9788339138031006,27.0625,10.94,0.4678634004210089,13.24091424677807,81.96153364014461,2.8534162784512764,0.12428394207811477,837.1195515019571,2757.8125,-21.489531091719037,13.251952000198681,82.84326204235265,2.090158391941421,0.010391029910494575,790.1090764405002,2601.5625,-21.674299836422595
T019,10,OPUS,G722,transcode,2.7262232303619385,7.0625,10.94,0.36380147228001564,13.367146424543913,81.81428256661941,2.852138802501174,0.12550488459574652,838.4935582278613,2765.625,-21.507254158496462,13.5051110932357,82.51748410835675,2.1266320048939504,0.011572150944394587,788.2335740643988,2609.375,-21.732455498915364
T020,1,OPUS,GSM,transcode,2.064164638519287,27.4375,10.92,0.4530258518262691,13.24101913924726,81.9621331037386,2.8530927134115434,0.12416898061300859,837.1249490235855,2757.8125,-21.49919269763743,14.637046802133915,83.36263927069749,0.08233765342738396,1.3465873122475916e-05,599.2327672719003,1632.8125,-22.31386693674461
T020,2,OPUS,GSM,transcode,1.8935010433197021,47.4375,10.96,0.4237330294916359,13.356616955970706,81.86820532296062,2.8305075470610443,0.12001859056912123,838.649732802755,2765.625,-21.47678780852612,14.706032964118457,83.24724582370294,0.086199179854549,1.3408367673028289e-05,602.6185716771871,1648.4375,-22.348072044514595
T020,3,OPUS,GSM,transcode,2.040868043899536,27.4375,10.94,0.49453416879936285,13.24101913924726,81.9621331037386,2.8530927134115434,0.12416898061300859,837.1249490235855,2757.8125,-21.48950384264947,14.685889261021346,83.29383708885112,0.08419672630178866,1.3311783183915005e-05,606.7687704212669,1656.25,-22.33177946099229
T020,4,OPUS,GSM,transcode,1.8533787727355957,47.4375,10.94,0.4262134887630085,13.373577216636725,81.844663878914,2.8339965442926554,0.11994930430869043,838.5156659786211,2765.625,-21.47354272188035,14.792928461132954,83.14389095996985,0.08389104767655366,1.3370914014749233e-05,600.8517044934963,1640.625,-22.38965074878113
T020,5,OPUS,GSM,transcode,1.9537272453308105,47.4375,10.96,0.4680693938166892,13.356616955970706,81.86820532296062,2.8305075470610443,0.12001859056912123,838.649732802755,2765.625,-21.47678780852612,14.749955764307852,83.20103570830678,0.08128239246444469,1.3546368241994354e-05,597.6251963883856,1656.25,-22.354248517560723
T020,6,OPUS,GSM,transcode,2.0295369625091553,7.4375,10.94,0.4099142679057689,13.364011301480998,81.81723452986647,2.852467015078556,0.1255870672680697,838.452997007131,2765.625,-21.507139533767685,14.976435231190164,82.9419106029782,0.08162695942725469,1.3353086639045209e-05,602.677805491039,1640.625,-22.41373148455956
T020,7,OPUS,GSM,transcode,1.749786376953125,47.4375,10.96,0.6090495575596983,13.356616955970706,81.86820532296062,2.8305075470610443,0.12001859056912123,838.649732802755,2765.625,-21.47678780852612,14.662401812696192,83.35555324493227,0.08589487607910205,1.333189099198052e-05,603.245509346086,1632.8125,-22.382843217631457
T020,8,OPUS,GSM,transcode,1.9637165069580078,7.4375,10.96,0.49810632979166236,13.363269931311391,81.81463897833808,2.855083352236284,0.12629568629901483,838.635691979824,2765.625,-21.4974361640028,14.99996216405939,82.90731872651351,0.08836377721484799,1.3409460787934586e-05,601.6053183702445,1656.25,-22.364665530144563
T020,9,OPUS,GSM,transcode,2.0157134532928467,-32.5625,10.9474375,0.4159806822976842,13.412253865571671,81.77413826853409,2.847421812800572,0.12413667429246808,839.3029829392045,2765.625,-21.510091058150927,14.936991145868248,82.99333498566288,0.07864219287421481,1.3517328949095366e-05,597.3729330936555,1648.4375,-22.375192844736137
T020,10,OPUS,GSM,transcode,1.9838964939117432,27.4375,10.92,0.35273731665623964,13.24101913924726,81.9621331037386,2.8530927134115434,0.12416898061300859,837.1249490235855,2757.8125,-21.49919269763743,14.494668694271581,83.44645939176284,0.07944675412423922,1.3322543101347219e-05,604.4141578323449,1648.4375,-22.34562328691105
T021,1,GSM,PCMU,transcode,2.3427562713623047,71.75,10.92,0.9542586375708451,13.608593777800372,83.23505196874122,1.2825654844830177,1.2046728507606689e-05,763.5131905301088,2562.5,-21.539252026873463,14.965563823568134,82.91505885124705,0.13687397339238305,1.3192859152319433e-05,613.9246139044722,1695.3125,-22.114981718213073
T021,2,GSM,PCMU,transcode,2.1847290992736816,71.75,10.92,0.9363941054704447,13.608593777800372,83.23505196874122,1.2825654844830177,1.2046728507606689e-05,763.5131905301088,2562.5,-21.539252026873463,14.800718156253222,83.11299111602827,0.1308145007648933,1.3281271316207472e-05,609.9891516752753,1671.875,-22.107103341253115
T021,3,GSM,PCMU,transcode,2.348933696746826,71.75,10.82,0.9543716215717818,13.608898199280711,83.2349742589536,1.2824142796557472,1.204680377540705e-05,763.4902184472047,2562.5,-21.54074732504606,14.946994616829517,82.93554151141404,0.1342049057488251,1.3209160021612997e-05,612.3917260547059,1687.5,-22.109645780526375
T021,4,GSM,PCMU,transcode,2.3533616065979004,71.75,10.8,0.9546057756730795,13.695684534706148,83.12965900747146,1.2866123860632914,1.2075147583050822e-05,762.5782421122769,2562.5,-21.53284869679782,15.001756324942738,82.90991397856766,0.12780133845513958,1.3208966272273022e-05,615.1814245938832,1718.75,-22.114761281997794
T021,5,GSM,PCMU,transcode,2.3412747383117676,71.75,10.92,0.9544668100653196,13.608593777800372,83.23505196874122,1.2825654844830177,1.2046728507606689e-05,763.5131905301088,2562.5,-21.539252026873463,14.928671629340604,82.96090062464853,0.14215314798057996,1.308633020942387e-05,617.4184541582291,1710.9375,-22.116151987359043
T021,6,GSM,PCMU,transcode,2.366786003112793,71.75,10.92,0.9547406256566825,13.608593777800372,83.23505196874122,1.2825654844830177,1.2046728507606689e-05,763.5131905301088,2562.5,-21.539252026873463,14.814434406957904,83.11103314260662,0.12988067666365735,1.3171006681515618e-05,618.3742970312015,1718.75,-22.099397340829125
T021,7,GSM,PCMU,transcode,2.251145124435425,71.75,10.9,0.9502794494441867,13.608593777800372,83.23505196874122,1.2825654844830177,1.2046728507606689e-05,763.5131905301088,2562.5,-21.548067004538684,15.025685489398162,82.87935597339668,0.12815372086350946,1.3107240242214567e-05,615.4846536620689,1718.75,-22.157469407080406
T021,8,GSM,PCMU,transcode,2.2491493225097656,71.75,10.92,0.950853602990126,13.608593777800372,83.23505196874122,1.2825654844830177,1.2046728507606689e-05,763.5131905301088,2562.5,-21.539252026873463,14.973610391729158,82.9380737884632,0.12973801961533682,1.3152696425435784e-05,615.6344545817904,1718.75,-22.14985133703046
T021,9,GSM,PCMU,transcode,2.254512310028076,71.75,10.92,0.9480911636842448,13.608593777800372,83.23505196874122,1.2825654844830177,1.2046728507606689e-05,763.5131905301088,2562.5,-21.539252026873463,14.941456463121604,82.9630116320704,0.1439051407203072,1.3205738914420837e-05,615.0823391086981,1718.75,-22.178410717933573
T021,10,GSM,PCMU,transcode,2.1904683113098145,71.75,10.9,0.9390547172243936,13.608593777800372,83.23505196874122,1.2825654844830177,1.2046728507606689e-05,763.5131905301088,2562.5,-21.548067004538684,14.829545404974441,83.04277544971967,0.14712298769808546,1.3192954750747622e-05,614.5810289366709,1687.5,-22.11988963085308
T022,1,GSM,G722,transcode,2.0698647499084473,68.375,10.9,0.9439171870539066,13.63454264895774,83.20498473386513,1.2852984929800881,1.2024319461522354e-05,764.2246668255202,2562.5,-21.549155534809515,14.955820196498223,83.05447228787982,0.08240882267811396,0.0001223666390851712,621.4675363186695,1710.9375,-22.277107922160372
T022,2,GSM,G722,transcode,2.1859302520751953,68.375,10.92,0.9445578533943615,13.63454264895774,83.20498473386513,1.2852984929800881,1.2024319461522354e-05,764.2246668255202,2562.5,-21.540951638647027,15.01226092019567,82.91569405279309,0.08214479623136306,0.00013952925045854642,615.5938400498675,1695.3125,-22.216740297871063
T022,3,GSM,G722,transcode,2.1564059257507324,68.375,10.92,0.9541620326026773,13.63454264895774,83.20498473386513,1.2852984929800881,1.2024319461522354e-05,764.2246668255202,2562.5,-21.540951638647027,14.889108236266841,83.02059231487453,0.07802918850376092,0.00026480492986807815,615.8748946153493,1703.125,-22.18225464096278
T022,4,GSM,G722,transcode,2.193089246749878,68.375,10.9,0.9468845458300492,13.63454264895774,83.20498473386513,1.2852984929800881,1.2024319461522354e-05,764.2246668255202,2562.5,-21.549155534809515,15.021864660214904,82.91355883144229,0.07733004319627278,0.0001446505109900692,615.6948850876245,1703.125,-22.2214726039519
T022,5,GSM,G722,transcode,2.1669812202453613,68.375,10.9,0.9421005503405293,13.63454264895774,83.20498473386513,1.2852984929800881,1.2024319461522354e-05,764.2246668255202,2562.5,-21.549155534809515,15.161518886398596,82.7346644409756,0.07790475545933637,0.00010134301864243632,620.480874117,1718.75,-22.26224598225435
T022,6,GSM,G722,transcode,2.1217620372772217,68.375,10.9,0.9366998344867535,13.63454264895774,83.20498473386513,1.2852984929800881,1.2024319461522354e-05,764.2246668255202,2562.5,-21.549155534809515,14.884406690215346,83.02903548574538,0.08681025644784439,0.0016508779765515061,617.0148612800756,1710.9375,-22.198327994035463
T022,7,GSM,G722,transcode,2.1580796241760254,68.375,10.92,0.9539197080230433,13.63454264895774,83.20498473386513,1.2852984929800881,1.2024319461522354e-05,764.2246668255202,2562.5,-21.540951638647027,14.917839074774617,82.9770378112688,0.07886729856555177,0.000265853806108779,615.8527191769421,1703.125,-22.176357857244042
T022,8,GSM,G722,transcode,2.268662929534912,68.375,10.92,0.9555692326000168,13.63454264895774,83.20498473386513,1.2852984929800881,1.2024319461522354e-05,764.2246668255202,2562.5,-21.540951638647027,14.943958838005203,82.99523609253231,0.07983364297283634,9.400434828578894e-05,616.2606465330886,1703.125,-22.16431748842846
T022,9,GSM,G722,transcode,2.1413681507110596,68.375,10.9,0.9443091474246119,13.63454264895774,83.20498473386513,1.2852984929800881,1.2024319461522354e-05,764.2246668255202,2562.5,-21.549155534809515,15.192248993747986,82.68527223070171,0.08224348319915505,0.00012779010092091607,607.926026022881,1703.125,-22.28335739157451
T022,10,GSM,G722,transcode,2.1585512161254883,68.375,10.88,0.9415933268100584,13.63454264895774,83.20498473386513,1.2852984929800881,1.2024319461522354e-05,764.2246668255202,2562.5,-21.55903855826817,15.170537920071302,82.71406286014191,0.07857824147591987,0.00010370329625555606,617.1524246804854,1703.125,-22.25215613150482
T023,1,GSM,OPUS,transcode,2.096318244934082,143.3125,10.82,0.4388146981902959,13.558784689868588,83.27447310759914,1.2827120778817946,1.2113884769451393e-05,762.024225143421,2562.5,-21.54900403229407,14.612505405953039,83.26122747106164,0.086858921007477,4.524843253403851e-06,606.5158902094066,1671.875,-22.16354269655087
T023,2,GSM,OPUS,transcode,2.359135389328003,143.3125,10.82,0.4529027893651095,13.558784689868588,83.27447310759914,1.2827120778817946,1.2113884769451393e-05,762.024225143421,2562.5,-21.54900403229407,14.763703641854033,83.10457354703364,0.08299497038596944,4.516223024421958e-06,606.6993598530287,1671.875,-22.152847957303813
T023,3,GSM,OPUS,transcode,2.1739845275878906,143.25,10.82,0.8346548992384207,13.559504049511325,83.27365659604322,1.282727088612303,1.2113610391708338e-05,762.0295492075502,2562.5,-21.54923354953462,14.728812934712082,83.1881463588234,0.07724162496639397,4.406301053228276e-06,607.2132625236729,1671.875,-22.176056545263506
T023,4,GSM,OPUS,transcode,2.2408390045166016,143.3125,10.82,0.4546072404611086,13.558784689868588,83.27447310759914,1.2827120778817946,1.2113884769451393e-05,762.024225143421,2562.5,-21.54900403229407,14.766751301592954,83.09140418634,0.08640021409170294,4.3510090418453605e-06,608.8804757838925,1687.5,-22.161177999568118
T023,5,GSM,OPUS,transcode,2.0958404541015625,143.3125,10.82,0.34545158574021156,13.558784689868588,83.27447310759914,1.2827120778817946,1.2113884769451393e-05,762.024225143421,2562.5,-21.54900403229407,14.9519769010602,82.89208359980917,0.08506054630981574,7.081724849225855e-06,606.8164501110329,1679.6875,-22.28323186258436
T023,6,GSM,OPUS,transcode,2.159999370574951,143.25,10.82,0.3358040007829501,13.559504049511325,83.27365659604322,1.282727088612303,1.2113610391708338e-05,762.0295492075502,2562.5,-21.54923354953462,14.648410929100733,83.25785154870198,0.08657932256943236,4.663456531670897e-06,608.9108515749386,1679.6875,-22.214675658135654
T023,7,GSM,OPUS,transcode,2.232173442840576,143.25,10.8,0.3853124146999377,13.560095649922774,83.27333470495209,1.2825734067476289,1.2113955152943328e-05,761.9982294081589,2562.5,-21.556137923357717,14.696382991079922,83.1891822010396,0.08514291753861145,1.222771589037491e-05,608.0193944200109,1679.6875,-22.181913599058735
T023,8,GSM,OPUS,transcode,2.2289576530456543,143.3125,10.82,0.3893131287024419,13.558784689868588,83.27447310759914,1.2827120778817946,1.2113884769451393e-05,762.024225143421,2562.5,-21.54900403229407,14.71341982388938,83.2143485455609,0.08606526813194902,4.316631493947268e-06,607.9231517078932,1679.6875,-22.18326265238457
T023,9,GSM,OPUS,transcode,2.3439314365386963,143.3125,10.82,0.4512161128824535,13.558784689868588,83.27447310759914,1.2827120778817946,1.2113884769451393e-05,762.024225143421,2562.5,-21.54900403229407,14.826032081935553,83.0514848216273,0.08609465784239459,4.4660480927620405e-06,607.6201668955792,1679.6875,-22.160826392649483
T023,10,GSM,OPUS,transcode,2.186417579650879,143.3125,10.82,0.4500552608603289,13.558784689868588,83.27447310759914,1.2827120778817946,1.2113884769451393e-05,762.024225143421,2562.5,-21.54900403229407,14.736231390287148,83.13227627678182,0.08757982403456781,5.438947195557771e-06,607.4736743763413,1671.875,-22.15576512434003
T024,1,PCMA,PCMU,transcode,3.5433120727539062,71.75,10.92,0.9969796815035439,13.608593777800372,83.23505196874122,1.2825654844830177,1.2046728507606689e-05,763.5131905301088,2562.5,-21.539252026873463,13.694872258379188,83.93550106015009,0.5172015399182193,1.2152258537688474e-05,741.5610834373099,2492.1875,-21.581415161416476
T024,2,PCMA,PCMU,transcode,3.590756416320801,71.75,10.9,0.9975544492530347,13.608593777800372,83.23505196874122,1.2825654844830177,1.2046728507606689e-05,763.5131905301088,2562.5,-21.548067004538684,13.713625647849016,83.89399341137965,0.5167698449437598,1.2149132195977428e-05,741.3699245691106,2492.1875,-21.58511765463843
T024,3,PCMA,PCMU,transcode,3.3585598468780518,71.75,10.92,0.9957878336263811,13.608593777800372,83.23505196874122,1.2825654844830177,1.2046728507606689e-05,763.5131905301088,2562.5,-21.539252026873463,13.742466770435755,83.85390052919189,0.5182185176785252,1.2165000644886013e-05,741.0191485198729,2492.1875,-21.59163820051555
T024,4,PCMA,PCMU,transcode,3.3804147243499756,71.75,10.92,0.9927604190691312,13.608593777800372,83.23505196874122,1.2825654844830177,1.2046728507606689e-05,763.5131905301088,2562.5,-21.539252026873463,13.716647067831133,83.84518977293364,0.518826572074192,1.2083319102934558e-05,743.0920215665749,2492.1875,-21.61794753932003
T024,5,PCMA,PCMU,transcode,3.384894609451294,71.75,10.9,0.9967866914036569,13.608593777800372,83.23505196874122,1.2825654844830177,1.2046728507606689e-05,763.5131905301088,2562.5,-21.548067004538684,13.738442368179435,83.8563134247435,0.516968383775261,1.2144062589015399e-05,741.0197808394518,2492.1875,-21.591920980571366
T024,6,PCMA,PCMU,transcode,3.3862478733062744,71.75,10.9,0.9967870811128661,13.608593777800372,83.23505196874122,1.2825654844830177,1.2046728507606689e-05,763.5131905301088,2562.5,-21.548067004538684,13.738948956310551,83.85591684796259,0.5168438626212277,1.2144161573714639e-05,741.0106386797883,2492.1875,-21.591869476416715
T024,7,PCMA,PCMU,transcode,3.3922131061553955,71.75,10.92,0.9941315020376911,13.608593777800372,83.23505196874122,1.2825654844830177,1.2046728507606689e-05,763.5131905301088,2562.5,-21.539252026873463,13.726176760882282,83.86035656920467,0.5170638655332457,1.2179676504552958e-05,740.7331627454687,2492.1875,-21.605836979439268
T024,8,PCMA,PCMU,transcode,3.588789939880371,71.75,10.94,0.997871198917926,13.608593777800372,83.23505196874122,1.2825654844830177,1.2046728507606689e-05,763.5131905301088,2562.5,-21.54313891045824,13.724950942167583,83.87530664700165,0.5161511386429586,1.2150507750146787e-05,741.1428350177426,2492.1875,-21.57717780144357
T024,9,PCMA,PCMU,transcode,3.250098466873169,71.75,10.9,0.9949353043039022,13.608593777800372,83.23505196874122,1.2825654844830177,1.2046728507606689e-05,763.5131905301088,2562.5,-21.548067004538684,13.736257370147479,83.84630631483972,0.5173956298463136,1.2086760472827066e-05,742.9480975070679,2492.1875,-21.60763348926356
T024,10,PCMA,PCMU,transcode,3.261715888977051,71.75,10.92,0.9956852663388294,13.608593777800372,83.23505196874122,1.2825654844830177,1.2046728507606689e-05,763.5131905301088,2562.5,-21.539252026873463,13.727857301352673,83.86460261257494,0.5194198326071191,1.2146876547606975e-05,741.1217989227245,2492.1875,-21.592507081797304
T025,1,GSM,PCMA,transcode,2.318354606628418,31.75,10.94,0.9530914458775529,13.48977533366356,83.37454709738815,1.2864282171625618,1.2075940881362317e-05,763.4491095476664,2562.5,-21.56297519660807,14.732133032813197,83.1500014047553,0.13582088206294987,1.3282115546499402e-05,610.2479865515811,1679.6875,-22.161609376767444
T025,2,GSM,PCMA,transcode,2.3271126747131348,71.75,10.92,0.9545976008954784,13.608593777800372,83.23505196874122,1.2825654844830177,1.2046728507606689e-05,763.5131905301088,2562.5,-21.539252026873463,14.95011179522024,82.94728361675394,0.1350585667962606,1.3071934639626907e-05,617.1612566373497,1710.9375,-22.129927690421805
T025,3,GSM,PCMA,transcode,2.106257915496826,71.75,10.92,0.9515392316963094,13.608593777800372,83.23505196874122,1.2825654844830177,1.2046728507606689e-05,763.5131905301088,2562.5,-21.539252026873463,14.937327909641436,82.9557927113467,0.14280013136469655,1.3155894507211534e-05,616.9138315643635,1710.9375,-22.150788139493617
T025,4,GSM,PCMA,transcode,2.328512191772461,71.75,10.9,0.954247023017449,13.608593777800372,83.23505196874122,1.2825654844830177,1.2046728507606689e-05,763.5131905301088,2562.5,-21.548067004538684,14.8368948008671,83.04583046516663,0.14688663841560745,1.3204455087701069e-05,614.7068883518853,1695.3125,-22.117907659179608
T025,5,GSM,PCMA,transcode,2.0649313926696777,71.75,10.92,0.9373720531813844,13.608593777800372,83.23505196874122,1.2825654844830177,1.2046728507606689e-05,763.5131905301088,2562.5,-21.539252026873463,14.999723621850695,82.8418493828725,0.15334306739822337,1.3181376751885536e-05,609.9771234815743,1718.75,-22.248484094844375
T025,6,GSM,PCMA,transcode,2.358092784881592,31.75,10.94,0.9542268245653366,13.48977533366356,83.37454709738815,1.2864282171625618,1.2075940881362317e-05,763.4491095476664,2562.5,-21.56297519660807,14.64169533496308,83.27188206774807,0.12938427069246564,1.3168510235225766e-05,617.3143184253285,1718.75,-22.131842328866547
T025,7,GSM,PCMA,transcode,2.1694982051849365,71.75,10.92,0.943846729742764,13.608593777800372,83.23505196874122,1.2825654844830177,1.2046728507606689e-05,763.5131905301088,2562.5,-21.539252026873463,14.874995789658856,82.93443453602274,0.13718826036113693,1.3291356369773227e-05,609.144091170989,1687.5,-22.16977101169862
T025,8,GSM,PCMA,transcode,2.2880771160125732,31.75,10.94,0.9537451226089639,13.48977533366356,83.37454709738815,1.2864282171625618,1.2075940881362317e-05,763.4491095476664,2562.5,-21.56297519660807,14.732075510919575,83.17648640119972,0.1384220776955524,1.3304812882682378e-05,610.867102235914,1687.5,-22.146754415399155
T025,9,GSM,PCMA,transcode,2.301118850708008,71.75,10.92,0.9353853711468184,13.608593777800372,83.23505196874122,1.2825654844830177,1.2046728507606689e-05,763.5131905301088,2562.5,-21.539252026873463,14.775452006894005,83.14947207384843,0.12999318418495695,1.3217571295167688e-05,615.8289066057147,1695.3125,-22.13832324724152
T025,10,GSM,PCMA,transcode,2.2888967990875244,71.75,10.9,0.9526728925170344,13.608593777800372,83.23505196874122,1.2825654844830177,1.2046728507606689e-05,763.5131905301088,2562.5,-21.548067004538684,14.83351778749504,83.07597502523238,0.13252639381955436,1.3194515548048536e-05,614.7572856912615,1703.125,-22.135299254612363
